Transaction_ID,Rule_Code,Rule_Name,Risk_Score,Severity,Is_Escalated,From_Account,Timestamp,Amount_Paid,Is_Laundering
3079,AML-R01,Large Transaction Detection,75,High,1,ACC-1012,2024-05-22 15:58:50,42565.74,1
3595,AML-R01,Large Transaction Detection,75,High,1,ACC-1128,2024-05-30 17:00:00,12039.33,1
1037,AML-R01,Large Transaction Detection,75,High,1,ACC-1248,2024-04-18 04:00:00,14737.6,1
4109,AML-R01,Large Transaction Detection,75,High,1,ACC-1194,2024-06-08 03:52:22,22536.17,1
3600,AML-R01,Large Transaction Detection,75,High,1,ACC-1128,2024-05-30 19:00:00,11543.36,1
1042,AML-R01,Large Transaction Detection,75,High,1,ACC-1248,2024-04-18 05:00:00,13522.54,1
540,AML-R01,Large Transaction Detection,75,High,1,ACC-1225,2024-04-09 21:29:24,10915.85,1
3101,AML-R01,Large Transaction Detection,75,High,1,ACC-2000,2024-05-23 00:00:00,12445.9,1
4137,AML-R01,Large Transaction Detection,75,High,1,ACC-1199,2024-06-08 13:46:09,46414.33,1
1067,AML-R01,Large Transaction Detection,75,High,1,ACC-1170,2024-04-18 16:00:00,14027.05,1
1076,AML-R01,Large Transaction Detection,75,High,1,ACC-1170,2024-04-18 20:00:00,13644.44,1
2100,AML-R01,Large Transaction Detection,75,High,1,ACC-1012,2024-05-05 14:00:00,12751.26,1
4153,AML-R01,Large Transaction Detection,75,High,1,ACC-1143,2024-06-08 22:23:37,16000.0,1
2109,AML-R01,Large Transaction Detection,75,High,1,ACC-1012,2024-05-05 18:00:00,11824.1,1
2622,AML-R01,Large Transaction Detection,75,High,1,ACC-1262,2024-05-14 11:32:28,27000.0,1
4672,AML-R01,Large Transaction Detection,75,High,1,ACC-1281,2024-06-17 17:26:29,26319.13,1
3141,AML-R01,Large Transaction Detection,75,High,1,ACC-1074,2024-05-23 13:56:04,24223.27,1
584,AML-R01,Large Transaction Detection,75,High,1,ACC-1234,2024-04-10 15:01:17,39293.53,1
3150,AML-R01,Large Transaction Detection,75,High,1,ACC-1281,2024-05-23 18:05:14,16236.3,1
80,AML-R01,Large Transaction Detection,75,High,1,ACC-1044,2024-04-02 10:00:00,13800.72,1
89,AML-R01,Large Transaction Detection,75,High,1,ACC-1044,2024-04-02 15:00:00,13208.67,1
4697,AML-R01,Large Transaction Detection,75,High,1,ACC-1026,2024-06-18 08:58:16,44053.04,1
2652,AML-R01,Large Transaction Detection,75,High,1,ACC-2003,2024-05-15 00:00:00,10499.22,1
1638,AML-R01,Large Transaction Detection,75,High,1,ACC-1148,2024-04-28 10:07:16,22000.0,1
3686,AML-R01,Large Transaction Detection,75,High,1,ACC-1165,2024-05-31 20:41:33,35000.0,1
4710,AML-R01,Large Transaction Detection,75,High,1,ACC-1150,2024-06-18 15:26:32,31594.93,1
3694,AML-R01,Large Transaction Detection,75,High,1,ACC-1212,2024-06-01 00:00:00,10077.61,1
4724,AML-R01,Large Transaction Detection,75,High,1,ACC-1141,2024-06-19 00:00:00,15758.17,1
2173,AML-R01,Large Transaction Detection,75,High,1,ACC-1280,2024-05-06 17:08:20,39574.89,1
5247,AML-R01,Large Transaction Detection,75,High,1,ACC-1035,2024-06-28 07:35:09,10505.18,1
1669,AML-R01,Large Transaction Detection,75,High,1,ACC-1212,2024-04-29 00:00:00,19998.29,1
134,AML-R01,Large Transaction Detection,75,High,1,ACC-1148,2024-04-03 05:15:44,49324.6,1
136,AML-R01,Large Transaction Detection,75,High,1,ACC-1131,2024-04-03 06:00:00,10242.68,1
1682,AML-R01,Large Transaction Detection,75,High,1,ACC-1179,2024-04-29 04:53:11,16479.47,1
148,AML-R01,Large Transaction Detection,75,High,1,ACC-1131,2024-04-03 10:00:00,10009.11,1
1686,AML-R01,Large Transaction Detection,75,High,1,ACC-1256,2024-04-29 07:02:55,35000.0,1
2710,AML-R01,Large Transaction Detection,75,High,1,ACC-1266,2024-05-16 10:10:29,43454.47,1
2200,AML-R01,Large Transaction Detection,75,High,1,ACC-1053,2024-05-07 02:00:00,12667.34,1
2202,AML-R01,Large Transaction Detection,75,High,1,ACC-1053,2024-05-07 03:00:00,12313.65,1
1180,AML-R01,Large Transaction Detection,75,High,1,ACC-1059,2024-04-20 16:51:12,23888.93,1
3235,AML-R01,Large Transaction Detection,75,High,1,ACC-1289,2024-05-25 06:45:49,48657.09,1
1193,AML-R01,Large Transaction Detection,75,High,1,ACC-1010,2024-04-21 00:00:00,13681.38,1
3242,AML-R01,Large Transaction Detection,75,High,1,ACC-1242,2024-05-25 09:00:00,10480.1,1
4786,AML-R01,Large Transaction Detection,75,High,1,ACC-1010,2024-06-20 00:00:00,17288.74,1
182,AML-R01,Large Transaction Detection,75,High,1,ACC-1010,2024-04-04 00:00:00,13817.01,1
1207,AML-R01,Large Transaction Detection,75,High,1,ACC-1029,2024-04-21 06:46:17,15739.15,1
3273,AML-R01,Large Transaction Detection,75,High,1,ACC-1122,2024-05-25 17:39:05,37000.0,1
3274,AML-R01,Large Transaction Detection,75,High,1,ACC-1258,2024-05-25 17:50:19,28000.0,1
2769,AML-R01,Large Transaction Detection,75,High,1,ACC-1130,2024-05-17 08:39:18,22146.16,1
4819,AML-R01,Large Transaction Detection,75,High,1,ACC-1039,2024-06-20 10:25:49,29247.22,1
1759,AML-R01,Large Transaction Detection,75,High,1,ACC-1036,2024-04-30 07:44:52,41000.0,1
4319,AML-R01,Large Transaction Detection,75,High,1,ACC-1057,2024-06-11 21:24:22,14488.09,1
2274,AML-R01,Large Transaction Detection,75,High,1,ACC-1033,2024-05-08 15:49:14,29796.18,1
4834,AML-R01,Large Transaction Detection,75,High,1,ACC-1048,2024-06-20 14:57:41,21634.68,1
3309,AML-R01,Large Transaction Detection,75,High,1,ACC-1129,2024-05-26 06:32:43,33288.74,1
2803,AML-R01,Large Transaction Detection,75,High,1,ACC-1091,2024-05-18 00:00:00,14978.54,1
770,AML-R01,Large Transaction Detection,75,High,1,ACC-1162,2024-04-13 11:50:22,14725.21,1
2832,AML-R01,Large Transaction Detection,75,High,1,ACC-1288,2024-05-18 10:47:46,10885.85,1
2838,AML-R01,Large Transaction Detection,75,High,1,ACC-1221,2024-05-18 15:12:37,44846.3,1
3350,AML-R01,Large Transaction Detection,75,High,1,ACC-1091,2024-05-27 00:00:00,11912.64,1
4377,AML-R01,Large Transaction Detection,75,High,1,ACC-1146,2024-06-12 17:00:00,13425.71,1
795,AML-R01,Large Transaction Detection,75,High,1,ACC-1171,2024-04-13 21:42:15,38000.0,1
4382,AML-R01,Large Transaction Detection,75,High,1,ACC-1146,2024-06-12 19:00:00,12417.34,1
4394,AML-R01,Large Transaction Detection,75,High,1,ACC-1223,2024-06-12 23:08:38,45000.0,1
1840,AML-R01,Large Transaction Detection,75,High,1,ACC-1259,2024-05-01 14:21:33,46875.14,1
4400,AML-R01,Large Transaction Detection,75,High,1,ACC-1011,2024-06-13 02:50:22,42081.85,1
4923,AML-R01,Large Transaction Detection,75,High,1,ACC-1045,2024-06-22 07:54:44,19892.5,1
2364,AML-R01,Large Transaction Detection,75,High,1,ACC-1002,2024-05-10 02:00:00,11262.36,1
4925,AML-R01,Large Transaction Detection,75,High,1,ACC-1009,2024-06-22 09:14:00,11679.89,1
2370,AML-R01,Large Transaction Detection,75,High,1,ACC-1002,2024-05-10 05:00:00,11063.24,1
3908,AML-R01,Large Transaction Detection,75,High,1,ACC-1160,2024-06-05 01:57:28,19000.0,1
1866,AML-R01,Large Transaction Detection,75,High,1,ACC-1141,2024-05-02 00:00:00,14018.16,1
4432,AML-R01,Large Transaction Detection,75,High,1,ACC-1159,2024-06-13 19:19:45,38920.26,1
3411,AML-R01,Large Transaction Detection,75,High,1,ACC-1293,2024-05-27 21:52:32,21992.24,1
4444,AML-R01,Large Transaction Detection,75,High,1,ACC-1195,2024-06-14 00:00:00,16591.23,1
1895,AML-R01,Large Transaction Detection,75,High,1,ACC-1126,2024-05-02 11:10:26,29770.79,1
2920,AML-R01,Large Transaction Detection,75,High,1,ACC-1159,2024-05-19 18:47:41,41000.0,1
3967,AML-R01,Large Transaction Detection,75,High,1,ACC-2001,2024-06-06 00:00:00,13727.88,1
3969,AML-R01,Large Transaction Detection,75,High,1,ACC-1141,2024-06-06 00:00:00,12461.46,1
1410,AML-R01,Large Transaction Detection,75,High,1,ACC-1244,2024-04-24 19:25:50,46670.62,1
4487,AML-R01,Large Transaction Detection,75,High,1,ACC-1094,2024-06-14 18:26:51,13463.85,1
3464,AML-R01,Large Transaction Detection,75,High,1,ACC-1139,2024-05-28 18:13:47,40745.75,1
3465,AML-R01,Large Transaction Detection,75,High,1,ACC-1259,2024-05-28 18:19:24,11077.47,1
4492,AML-R01,Large Transaction Detection,75,High,1,ACC-1273,2024-06-14 20:10:17,48000.0,1
3478,AML-R01,Large Transaction Detection,75,High,1,ACC-1212,2024-05-29 00:00:00,19925.59,1
4506,AML-R01,Large Transaction Detection,75,High,1,ACC-1212,2024-06-15 00:00:00,10880.58,1
3483,AML-R01,Large Transaction Detection,75,High,1,ACC-1054,2024-05-29 02:24:01,35852.01,1
2978,AML-R01,Large Transaction Detection,75,High,1,ACC-1086,2024-05-20 18:00:00,12299.92,1
420,AML-R01,Large Transaction Detection,75,High,1,ACC-1264,2024-04-07 19:00:00,12051.47,1
2984,AML-R01,Large Transaction Detection,75,High,1,ACC-1086,2024-05-20 20:00:00,11299.3,1
4010,AML-R01,Large Transaction Detection,75,High,1,ACC-1200,2024-06-06 16:29:08,17800.61,1
941,AML-R01,Large Transaction Detection,75,High,1,ACC-1220,2024-04-16 06:00:00,12478.03,1
433,AML-R01,Large Transaction Detection,75,High,1,ACC-1264,2024-04-08 00:00:00,11130.87,1
945,AML-R01,Large Transaction Detection,75,High,1,ACC-1220,2024-04-16 07:00:00,11554.19,1
5057,AML-R01,Large Transaction Detection,75,High,1,ACC-1084,2024-06-24 17:11:37,25801.14,1
1988,AML-R01,Large Transaction Detection,75,High,1,ACC-1068,2024-05-03 18:37:43,31000.0,1
2008,AML-R01,Large Transaction Detection,75,High,1,ACC-1087,2024-05-04 02:00:24,18382.63,1
5081,AML-R01,Large Transaction Detection,75,High,1,ACC-1182,2024-06-25 04:41:09,26476.69,1
2023,AML-R01,Large Transaction Detection,75,High,1,ACC-1244,2024-05-04 08:01:32,42559.59,1
2028,AML-R01,Large Transaction Detection,75,High,1,ACC-1285,2024-05-04 09:45:44,23915.9,1
2038,AML-R01,Large Transaction Detection,75,High,1,ACC-1098,2024-05-04 12:43:57,26000.0,1
3840,AML-R02,Structuring / Smurfing,80,High,1,ACC-1004,2024-06-03 20:00:00,9444.46,1
3331,AML-R02,Structuring / Smurfing,80,High,1,ACC-1162,2024-05-26 16:00:00,9355.39,1
2948,AML-R02,Structuring / Smurfing,80,High,1,ACC-1052,2024-05-20 06:00:00,9689.87,1
4227,AML-R02,Structuring / Smurfing,80,High,1,ACC-1252,2024-06-10 04:00:00,9730.91,1
263,AML-R02,Structuring / Smurfing,80,High,1,ACC-1011,2024-04-05 03:00:00,9053.58,1
647,AML-R02,Structuring / Smurfing,80,High,1,ACC-1211,2024-04-11 15:00:00,9576.21,1
2953,AML-R02,Structuring / Smurfing,80,High,1,ACC-1052,2024-05-20 08:00:00,9595.27,1
3599,AML-R02,Structuring / Smurfing,80,High,1,ACC-1128,2024-05-30 19:00:00,9140.42,1
1423,AML-R02,Structuring / Smurfing,80,High,1,ACC-1271,2024-04-25 01:00:00,9788.6,1
1170,AML-R02,Structuring / Smurfing,80,High,1,ACC-1168,2024-04-20 13:00:00,9785.06,1
1685,AML-R02,Structuring / Smurfing,80,High,1,ACC-1037,2024-04-29 07:00:00,9133.09,1
2965,AML-R02,Structuring / Smurfing,80,High,1,ACC-1052,2024-05-20 12:00:00,9466.31,1
789,AML-R02,Structuring / Smurfing,80,High,1,ACC-1133,2024-04-13 20:00:00,9608.99,1
4252,AML-R02,Structuring / Smurfing,80,High,1,ACC-1252,2024-06-10 14:00:00,9469.78,1
1565,AML-R02,Structuring / Smurfing,80,High,1,ACC-1218,2024-04-27 07:00:00,9764.15,1
545,AML-R02,Structuring / Smurfing,80,High,1,ACC-1093,2024-04-09 23:00:00,9366.85,1
162,AML-R02,Structuring / Smurfing,80,High,1,ACC-1026,2024-04-03 15:00:00,9485.39,1
1189,AML-R02,Structuring / Smurfing,80,High,1,ACC-1010,2024-04-20 23:00:00,9000.12,1
2981,AML-R02,Structuring / Smurfing,80,High,1,ACC-1079,2024-05-20 19:00:00,9011.69,1
39,AML-R02,Structuring / Smurfing,80,High,1,ACC-1026,2024-04-01 19:00:00,9670.94,1
1064,AML-R02,Structuring / Smurfing,80,High,1,ACC-1056,2024-04-18 15:00:00,9624.88,1
3621,AML-R02,Structuring / Smurfing,80,High,1,ACC-1128,2024-05-31 00:00:00,9190.66,1
1574,AML-R02,Structuring / Smurfing,80,High,1,ACC-1218,2024-04-27 11:00:00,9615.3,1
2347,AML-R02,Structuring / Smurfing,80,High,1,ACC-1237,2024-05-09 21:00:00,9711.75,1
4265,AML-R02,Structuring / Smurfing,80,High,1,ACC-1252,2024-06-10 23:00:00,9325.28,1
1585,AML-R02,Structuring / Smurfing,80,High,1,ACC-1218,2024-04-27 14:00:00,9682.41,1
2354,AML-R02,Structuring / Smurfing,80,High,1,ACC-1237,2024-05-09 23:00:00,9284.88,1
3764,AML-R02,Structuring / Smurfing,80,High,1,ACC-1193,2024-06-02 07:00:00,9106.67,1
3639,AML-R02,Structuring / Smurfing,80,High,1,ACC-1128,2024-05-31 05:00:00,9469.82,1
2359,AML-R02,Structuring / Smurfing,80,High,1,ACC-1229,2024-05-10 01:00:00,9299.82,1
1209,AML-R02,Structuring / Smurfing,80,High,1,ACC-1168,2024-04-21 08:00:00,9006.84,1
60,AML-R02,Structuring / Smurfing,80,High,1,ACC-1026,2024-04-02 04:00:00,9403.35,1
3006,AML-R02,Structuring / Smurfing,80,High,1,ACC-1079,2024-05-21 03:00:00,9216.73,1
3008,AML-R02,Structuring / Smurfing,80,High,1,ACC-1079,2024-05-21 04:00:00,9635.09,1
1217,AML-R02,Structuring / Smurfing,80,High,1,ACC-1168,2024-04-21 11:00:00,9281.11,1
705,AML-R02,Structuring / Smurfing,80,High,1,ACC-1275,2024-04-12 15:00:00,9027.83,1
1733,AML-R02,Structuring / Smurfing,80,High,1,ACC-1037,2024-04-29 22:00:00,9241.88,1
3321,AML-R02,Structuring / Smurfing,80,High,1,ACC-1162,2024-05-26 11:00:00,9561.81,1
3655,AML-R02,Structuring / Smurfing,80,High,1,ACC-1000,2024-05-31 12:00:00,9317.87,1
2248,AML-R02,Structuring / Smurfing,80,High,1,ACC-1237,2024-05-08 01:00:00,9688.56,1
329,AML-R02,Structuring / Smurfing,80,High,1,ACC-1238,2024-04-06 06:00:00,9589.21,1
330,AML-R02,Structuring / Smurfing,80,High,1,ACC-1238,2024-04-06 06:00:00,9320.76,1
4424,AML-R02,Structuring / Smurfing,80,High,1,ACC-1295,2024-06-13 15:00:00,9433.21,1
1228,AML-R02,Structuring / Smurfing,80,High,1,ACC-1168,2024-04-21 16:00:00,9720.17,1
2381,AML-R02,Structuring / Smurfing,80,High,1,ACC-1229,2024-05-10 10:00:00,9890.79,1
4815,AML-R02,Structuring / Smurfing,80,High,1,ACC-1283,2024-06-20 10:00:00,9710.6,1
2642,AML-R02,Structuring / Smurfing,80,High,1,ACC-1022,2024-05-14 20:00:00,9394.29,1
851,AML-R02,Structuring / Smurfing,80,High,1,ACC-1046,2024-04-14 22:00:00,9425.46,1
341,AML-R02,Structuring / Smurfing,80,High,1,ACC-1011,2024-04-06 11:00:00,9232.39,1
342,AML-R02,Structuring / Smurfing,80,High,1,ACC-1238,2024-04-06 12:00:00,9877.21,1
2135,AML-R02,Structuring / Smurfing,80,High,1,ACC-1186,2024-05-06 01:00:00,9349.13,1
600,AML-R02,Structuring / Smurfing,80,High,1,ACC-1093,2024-04-10 22:00:00,9513.04,1
2139,AML-R02,Structuring / Smurfing,80,High,1,ACC-1186,2024-05-06 03:00:00,9881.96,1
3805,AML-R02,Structuring / Smurfing,80,High,1,ACC-1193,2024-06-03 04:00:00,9580.98,1
2398,AML-R02,Structuring / Smurfing,80,High,1,ACC-1229,2024-05-10 17:00:00,9519.06,1
349,AML-R02,Structuring / Smurfing,80,High,1,ACC-1238,2024-04-06 15:00:00,9798.98,1
3680,AML-R02,Structuring / Smurfing,80,High,1,ACC-1128,2024-05-31 19:00:00,9144.99,1
3808,AML-R02,Structuring / Smurfing,80,High,1,ACC-1193,2024-06-03 05:00:00,9614.62,1
108,AML-R02,Structuring / Smurfing,80,High,1,ACC-1026,2024-04-02 22:00:00,9756.71,1
3693,AML-R02,Structuring / Smurfing,80,High,1,ACC-1000,2024-06-01 00:00:00,9332.86,1
3565,AML-R02,Structuring / Smurfing,80,High,1,ACC-1044,2024-05-30 08:00:00,9237.55,1
1775,AML-R02,Structuring / Smurfing,80,High,1,ACC-1198,2024-04-30 15:00:00,9212.6,1
2287,AML-R02,Structuring / Smurfing,80,High,1,ACC-1229,2024-05-08 23:00:00,9040.69,1
4464,AML-R02,Structuring / Smurfing,80,High,1,ACC-1295,2024-06-14 10:00:00,9089.64,1
1525,AML-R02,Structuring / Smurfing,80,High,1,ACC-1271,2024-04-26 12:00:00,9657.12,1
3319,AML-R02,Structuring / Smurfing,80,High,1,ACC-1162,2024-05-26 10:00:00,9558.39,1
2937,AML-R02,Structuring / Smurfing,80,High,1,ACC-1052,2024-05-20 00:00:00,9696.61,1
1535,AML-R02,Structuring / Smurfing,80,High,1,ACC-1271,2024-04-26 18:00:00,9684.44,1
5377,AML-R03,Rapid Movement of Funds,78,High,1,ACC-1104,2024-06-30 15:22:07,221.23,0
2308,AML-R03,Rapid Movement of Funds,78,High,1,ACC-1115,2024-05-09 07:00:00,3398.0,1
773,AML-R03,Rapid Movement of Funds,78,High,1,ACC-1051,2024-04-13 12:35:39,64.95,0
2821,AML-R03,Rapid Movement of Funds,78,High,1,ACC-1101,2024-05-18 08:00:00,8489.69,1
4358,AML-R03,Rapid Movement of Funds,78,High,1,ACC-1242,2024-06-12 10:01:53,231.18,0
1160,AML-R03,Rapid Movement of Funds,78,High,1,ACC-1126,2024-04-20 06:00:00,1957.44,1
2832,AML-R03,Rapid Movement of Funds,78,High,1,ACC-1288,2024-05-18 10:47:46,10885.85,1
3600,AML-R03,Rapid Movement of Funds,78,High,1,ACC-1128,2024-05-30 19:00:00,11543.36,1
1042,AML-R03,Rapid Movement of Funds,78,High,1,ACC-1248,2024-04-18 05:00:00,13522.54,1
1938,AML-R03,Rapid Movement of Funds,78,High,1,ACC-1261,2024-05-03 01:22:54,362.75,0
148,AML-R03,Rapid Movement of Funds,78,High,1,ACC-1131,2024-04-03 10:00:00,10009.11,1
1174,AML-R03,Rapid Movement of Funds,78,High,1,ACC-1297,2024-04-20 14:35:49,171.81,0
3864,AML-R03,Rapid Movement of Funds,78,High,1,ACC-1225,2024-06-04 04:20:42,152.96,0
4504,AML-R03,Rapid Movement of Funds,78,High,1,ACC-1092,2024-06-15 00:00:00,5176.83,1
2202,AML-R03,Rapid Movement of Funds,78,High,1,ACC-1053,2024-05-07 03:00:00,12313.65,1
4380,AML-R03,Rapid Movement of Funds,78,High,1,ACC-1122,2024-06-12 17:35:39,101.68,0
2718,AML-R03,Rapid Movement of Funds,78,High,1,ACC-1168,2024-05-16 13:00:16,196.83,0
4382,AML-R03,Rapid Movement of Funds,78,High,1,ACC-1146,2024-06-12 19:00:00,12417.34,1
5152,AML-R03,Rapid Movement of Funds,78,High,1,ACC-1042,2024-06-26 18:31:29,145.98,0
1059,AML-R03,Rapid Movement of Funds,78,High,1,ACC-1205,2024-04-18 12:00:00,5375.5,1
3492,AML-R03,Rapid Movement of Funds,78,High,1,ACC-1056,2024-05-29 06:53:32,338.33,0
2982,AML-R03,Rapid Movement of Funds,78,High,1,ACC-1294,2024-05-20 19:00:00,7506.81,1
3366,AML-R03,Rapid Movement of Funds,78,High,1,ACC-1261,2024-05-27 03:36:02,496.14,0
2984,AML-R03,Rapid Movement of Funds,78,High,1,ACC-1086,2024-05-20 20:00:00,11299.3,1
4902,AML-R03,Rapid Movement of Funds,78,High,1,ACC-1240,2024-06-21 19:45:53,558.76,0
3498,AML-R03,Rapid Movement of Funds,78,High,1,ACC-1040,2024-05-29 08:05:03,245.18,0
3116,AML-R03,Rapid Movement of Funds,78,High,1,ACC-1092,2024-05-23 05:07:07,358.41,0
3248,AML-R03,Rapid Movement of Funds,78,High,1,ACC-1242,2024-05-25 10:00:00,9618.03,1
433,AML-R03,Rapid Movement of Funds,78,High,1,ACC-1264,2024-04-08 00:00:00,11130.87,1
945,AML-R03,Rapid Movement of Funds,78,High,1,ACC-1220,2024-04-16 07:00:00,11554.19,1
2611,AML-R03,Rapid Movement of Funds,78,High,1,ACC-1007,2024-05-14 09:00:00,8436.19,1
1076,AML-R03,Rapid Movement of Funds,78,High,1,ACC-1170,2024-04-18 20:00:00,13644.44,1
1460,AML-R03,Rapid Movement of Funds,78,High,1,ACC-1020,2024-04-25 12:00:00,5082.5,1
3251,AML-R03,Rapid Movement of Funds,78,High,1,ACC-1118,2024-05-25 11:16:34,513.52,0
3511,AML-R03,Rapid Movement of Funds,78,High,1,ACC-1006,2024-05-29 11:25:50,1120.69,0
3634,AML-R03,Rapid Movement of Funds,78,High,1,ACC-1094,2024-05-31 03:00:00,3086.02,1
4663,AML-R03,Rapid Movement of Funds,78,High,1,ACC-1131,2024-06-17 15:50:58,749.26,0
4921,AML-R03,Rapid Movement of Funds,78,High,1,ACC-1105,2024-06-22 06:02:05,170.11,0
1467,AML-R03,Rapid Movement of Funds,78,High,1,ACC-1122,2024-04-25 14:00:00,5055.61,1
317,AML-R03,Rapid Movement of Funds,78,High,1,ACC-1176,2024-04-05 23:27:41,204.4,0
2109,AML-R03,Rapid Movement of Funds,78,High,1,ACC-1012,2024-05-05 18:00:00,11824.1,1
4542,AML-R03,Rapid Movement of Funds,78,High,1,ACC-1109,2024-06-15 19:00:00,6799.68,1
5182,AML-R03,Rapid Movement of Funds,78,High,1,ACC-1253,2024-06-27 07:19:46,382.19,0
2242,AML-R03,Rapid Movement of Funds,78,High,1,ACC-1266,2024-05-07 23:00:00,5907.44,1
2370,AML-R03,Rapid Movement of Funds,78,High,1,ACC-1002,2024-05-10 05:00:00,11063.24,1
325,AML-R03,Rapid Movement of Funds,78,High,1,ACC-1228,2024-04-06 04:22:06,196.07,0
2120,AML-R03,Rapid Movement of Funds,78,High,1,ACC-1193,2024-05-05 20:12:41,199.75,0
1098,AML-R03,Rapid Movement of Funds,78,High,1,ACC-1059,2024-04-19 01:35:01,202.6,0
3023,AML-R03,Rapid Movement of Funds,78,High,1,ACC-1069,2024-05-21 10:56:23,751.87,0
2130,AML-R03,Rapid Movement of Funds,78,High,1,ACC-1293,2024-05-06 00:00:00,6734.0,1
4948,AML-R03,Rapid Movement of Funds,78,High,1,ACC-1233,2024-06-22 17:08:09,470.91,0
89,AML-R03,Rapid Movement of Funds,78,High,1,ACC-1044,2024-04-02 15:00:00,13208.67,1
4829,AML-R03,Rapid Movement of Funds,78,High,1,ACC-1148,2024-06-20 13:12:43,176.58,0
2913,AML-R03,Rapid Movement of Funds,78,High,1,ACC-1296,2024-05-19 16:01:39,748.13,0
4577,AML-R03,Rapid Movement of Funds,78,High,1,ACC-1137,2024-06-16 08:00:00,2217.48,1
3813,AML-R03,Rapid Movement of Funds,78,High,1,ACC-1167,2024-06-03 07:35:28,274.07,0
870,AML-R03,Rapid Movement of Funds,78,High,1,ACC-1031,2024-04-15 04:00:00,5637.19,1
3687,AML-R03,Rapid Movement of Funds,78,High,1,ACC-1163,2024-05-31 21:00:00,7916.59,1
4328,AML-R03,Rapid Movement of Funds,78,High,1,ACC-1168,2024-06-12 00:00:00,6684.51,1
3563,AML-R03,Rapid Movement of Funds,78,High,1,ACC-1267,2024-05-30 07:19:27,355.81,0
111,AML-R03,Rapid Movement of Funds,78,High,1,ACC-1261,2024-04-02 22:41:25,681.81,0
4470,AML-R03,Rapid Movement of Funds,78,High,1,ACC-1196,2024-06-14 12:21:17,458.88,0
3065,AML-R03,Rapid Movement of Funds,78,High,1,ACC-1178,2024-05-22 09:00:00,2393.15,1
1403,AML-R03,Rapid Movement of Funds,78,High,1,ACC-1221,2024-04-24 18:00:00,8221.32,1
4352,AML-R04,High Transaction Velocity,60,Medium,0,ACC-1133,2024-06-12 08:18:00,565.79,1
897,AML-R04,High Transaction Velocity,60,Medium,0,ACC-1084,2024-04-15 09:51:00,2998.74,1
4353,AML-R04,High Transaction Velocity,60,Medium,0,ACC-1133,2024-06-12 08:24:00,571.95,1
899,AML-R04,High Transaction Velocity,60,Medium,0,ACC-1084,2024-04-15 10:32:00,1397.87,1
900,AML-R04,High Transaction Velocity,60,Medium,0,ACC-1084,2024-04-15 10:36:00,987.99,1
4354,AML-R04,High Transaction Velocity,60,Medium,0,ACC-1133,2024-06-12 08:26:00,2288.75,1
4355,AML-R04,High Transaction Velocity,60,Medium,0,ACC-1133,2024-06-12 08:34:00,867.49,1
3584,AML-R04,High Transaction Velocity,60,Medium,0,ACC-1182,2024-05-30 11:50:00,2677.73,1
3585,AML-R04,High Transaction Velocity,60,Medium,0,ACC-1182,2024-05-30 11:56:00,1280.26,1
3727,AML-R04,High Transaction Velocity,60,Medium,0,ACC-1132,2024-06-01 14:08:00,1902.58,1
3728,AML-R04,High Transaction Velocity,60,Medium,0,ACC-1132,2024-06-01 14:50:00,1094.21,1
3729,AML-R04,High Transaction Velocity,60,Medium,0,ACC-1132,2024-06-01 14:52:00,998.37,1
4636,AML-R04,High Transaction Velocity,60,Medium,0,ACC-1140,2024-06-17 04:50:00,1054.68,1
4637,AML-R04,High Transaction Velocity,60,Medium,0,ACC-1140,2024-06-17 04:57:00,947.08,1
4638,AML-R04,High Transaction Velocity,60,Medium,0,ACC-1140,2024-06-17 05:05:00,2881.87,1
1716,AML-R04,High Transaction Velocity,60,Medium,0,ACC-1220,2024-04-29 17:37:00,1695.54,1
1717,AML-R04,High Transaction Velocity,60,Medium,0,ACC-1220,2024-04-29 17:40:00,2943.94,1
1719,AML-R04,High Transaction Velocity,60,Medium,0,ACC-1220,2024-04-29 18:15:00,2923.08,1
1720,AML-R04,High Transaction Velocity,60,Medium,0,ACC-1220,2024-04-29 18:22:00,957.59,1
1722,AML-R04,High Transaction Velocity,60,Medium,0,ACC-1220,2024-04-29 18:46:00,1089.13,1
2497,AML-R04,High Transaction Velocity,60,Medium,0,ACC-1230,2024-05-12 10:06:00,1999.23,1
2499,AML-R04,High Transaction Velocity,60,Medium,0,ACC-1230,2024-05-12 10:29:00,1236.37,1
1382,AML-R04,High Transaction Velocity,60,Medium,0,ACC-1089,2024-04-24 12:20:00,872.72,1
1383,AML-R04,High Transaction Velocity,60,Medium,0,ACC-1089,2024-04-24 12:35:00,1792.35,1
1385,AML-R04,High Transaction Velocity,60,Medium,0,ACC-1089,2024-04-24 12:55:00,2796.1,1
890,AML-R04,High Transaction Velocity,60,Medium,0,ACC-1084,2024-04-15 09:16:00,1866.27,1
892,AML-R04,High Transaction Velocity,60,Medium,0,ACC-1084,2024-04-15 09:23:00,777.9,1
3581,AML-R04,High Transaction Velocity,60,Medium,0,ACC-1182,2024-05-30 11:14:00,1420.68,1
3582,AML-R04,High Transaction Velocity,60,Medium,0,ACC-1182,2024-05-30 11:40:00,1298.79,1
3584,AML-R05,Sub-Threshold Multiple Txns,55,Medium,0,ACC-1182,2024-05-30 11:50:00,2677.73,1
3585,AML-R05,Sub-Threshold Multiple Txns,55,Medium,0,ACC-1182,2024-05-30 11:56:00,1280.26,1
4625,AML-R05,Sub-Threshold Multiple Txns,55,Medium,0,ACC-1140,2024-06-17 02:39:00,2243.64,1
4626,AML-R05,Sub-Threshold Multiple Txns,55,Medium,0,ACC-1140,2024-06-17 03:09:00,2830.61,1
4627,AML-R05,Sub-Threshold Multiple Txns,55,Medium,0,ACC-1140,2024-06-17 03:13:00,2049.86,1
4628,AML-R05,Sub-Threshold Multiple Txns,55,Medium,0,ACC-1140,2024-06-17 03:22:00,2723.81,1
4629,AML-R05,Sub-Threshold Multiple Txns,55,Medium,0,ACC-1140,2024-06-17 03:26:00,2194.32,1
4630,AML-R05,Sub-Threshold Multiple Txns,55,Medium,0,ACC-1140,2024-06-17 03:31:00,1720.08,1
4632,AML-R05,Sub-Threshold Multiple Txns,55,Medium,0,ACC-1140,2024-06-17 04:03:00,2632.52,1
4636,AML-R05,Sub-Threshold Multiple Txns,55,Medium,0,ACC-1140,2024-06-17 04:50:00,1054.68,1
4637,AML-R05,Sub-Threshold Multiple Txns,55,Medium,0,ACC-1140,2024-06-17 04:57:00,947.08,1
4638,AML-R05,Sub-Threshold Multiple Txns,55,Medium,0,ACC-1140,2024-06-17 05:05:00,2881.87,1
3716,AML-R05,Sub-Threshold Multiple Txns,55,Medium,0,ACC-1132,2024-06-01 10:02:26,161.52,0
3719,AML-R05,Sub-Threshold Multiple Txns,55,Medium,0,ACC-1132,2024-06-01 12:55:00,1363.04,1
3720,AML-R05,Sub-Threshold Multiple Txns,55,Medium,0,ACC-1132,2024-06-01 12:58:00,2553.17,1
3721,AML-R05,Sub-Threshold Multiple Txns,55,Medium,0,ACC-1132,2024-06-01 13:26:00,1790.9,1
3722,AML-R05,Sub-Threshold Multiple Txns,55,Medium,0,ACC-1132,2024-06-01 13:27:00,1207.06,1
3723,AML-R05,Sub-Threshold Multiple Txns,55,Medium,0,ACC-1132,2024-06-01 13:43:00,1690.24,1
3724,AML-R05,Sub-Threshold Multiple Txns,55,Medium,0,ACC-1132,2024-06-01 13:53:00,1118.35,1
3727,AML-R05,Sub-Threshold Multiple Txns,55,Medium,0,ACC-1132,2024-06-01 14:08:00,1902.58,1
3728,AML-R05,Sub-Threshold Multiple Txns,55,Medium,0,ACC-1132,2024-06-01 14:50:00,1094.21,1
3729,AML-R05,Sub-Threshold Multiple Txns,55,Medium,0,ACC-1132,2024-06-01 14:52:00,998.37,1
1707,AML-R05,Sub-Threshold Multiple Txns,55,Medium,0,ACC-1220,2024-04-29 15:12:00,2608.87,1
1709,AML-R05,Sub-Threshold Multiple Txns,55,Medium,0,ACC-1220,2024-04-29 15:18:00,1606.58,1
1710,AML-R05,Sub-Threshold Multiple Txns,55,Medium,0,ACC-1220,2024-04-29 15:56:00,2433.66,1
1711,AML-R05,Sub-Threshold Multiple Txns,55,Medium,0,ACC-1220,2024-04-29 16:38:00,1092.92,1
1712,AML-R05,Sub-Threshold Multiple Txns,55,Medium,0,ACC-1220,2024-04-29 16:56:00,2846.74,1
1713,AML-R05,Sub-Threshold Multiple Txns,55,Medium,0,ACC-1220,2024-04-29 17:23:00,1041.43,1
1714,AML-R05,Sub-Threshold Multiple Txns,55,Medium,0,ACC-1220,2024-04-29 17:28:00,2555.37,1
1716,AML-R05,Sub-Threshold Multiple Txns,55,Medium,0,ACC-1220,2024-04-29 17:37:00,1695.54,1
1717,AML-R05,Sub-Threshold Multiple Txns,55,Medium,0,ACC-1220,2024-04-29 17:40:00,2943.94,1
1719,AML-R05,Sub-Threshold Multiple Txns,55,Medium,0,ACC-1220,2024-04-29 18:15:00,2923.08,1
1720,AML-R05,Sub-Threshold Multiple Txns,55,Medium,0,ACC-1220,2024-04-29 18:22:00,957.59,1
1722,AML-R05,Sub-Threshold Multiple Txns,55,Medium,0,ACC-1220,2024-04-29 18:46:00,1089.13,1
4338,AML-R05,Sub-Threshold Multiple Txns,55,Medium,0,ACC-1133,2024-06-12 05:09:00,510.69,1
4339,AML-R05,Sub-Threshold Multiple Txns,55,Medium,0,ACC-1133,2024-06-12 05:11:00,817.96,1
4344,AML-R05,Sub-Threshold Multiple Txns,55,Medium,0,ACC-1133,2024-06-12 06:11:00,2668.23,1
4345,AML-R05,Sub-Threshold Multiple Txns,55,Medium,0,ACC-1133,2024-06-12 06:31:00,2262.89,1
4347,AML-R05,Sub-Threshold Multiple Txns,55,Medium,0,ACC-1133,2024-06-12 07:10:00,1933.81,1
4348,AML-R05,Sub-Threshold Multiple Txns,55,Medium,0,ACC-1133,2024-06-12 07:23:00,518.92,1
4349,AML-R05,Sub-Threshold Multiple Txns,55,Medium,0,ACC-1133,2024-06-12 07:50:00,2392.03,1
4352,AML-R05,Sub-Threshold Multiple Txns,55,Medium,0,ACC-1133,2024-06-12 08:18:00,565.79,1
4353,AML-R05,Sub-Threshold Multiple Txns,55,Medium,0,ACC-1133,2024-06-12 08:24:00,571.95,1
4354,AML-R05,Sub-Threshold Multiple Txns,55,Medium,0,ACC-1133,2024-06-12 08:26:00,2288.75,1
4355,AML-R05,Sub-Threshold Multiple Txns,55,Medium,0,ACC-1133,2024-06-12 08:34:00,867.49,1
1367,AML-R05,Sub-Threshold Multiple Txns,55,Medium,0,ACC-1089,2024-04-24 09:56:00,1257.86,1
858,AML-R05,Sub-Threshold Multiple Txns,55,Medium,0,ACC-1084,2024-04-15 01:15:07,127.86,0
1374,AML-R05,Sub-Threshold Multiple Txns,55,Medium,0,ACC-1089,2024-04-24 10:54:00,2822.29,1
1375,AML-R05,Sub-Threshold Multiple Txns,55,Medium,0,ACC-1089,2024-04-24 11:00:00,979.78,1
1377,AML-R05,Sub-Threshold Multiple Txns,55,Medium,0,ACC-1089,2024-04-24 11:36:00,1687.94,1
1379,AML-R05,Sub-Threshold Multiple Txns,55,Medium,0,ACC-1089,2024-04-24 11:51:00,2653.74,1
1380,AML-R05,Sub-Threshold Multiple Txns,55,Medium,0,ACC-1089,2024-04-24 12:00:00,1076.9,1
1381,AML-R05,Sub-Threshold Multiple Txns,55,Medium,0,ACC-1089,2024-04-24 12:09:00,1061.93,1
1382,AML-R05,Sub-Threshold Multiple Txns,55,Medium,0,ACC-1089,2024-04-24 12:20:00,872.72,1
1383,AML-R05,Sub-Threshold Multiple Txns,55,Medium,0,ACC-1089,2024-04-24 12:35:00,1792.35,1
1385,AML-R05,Sub-Threshold Multiple Txns,55,Medium,0,ACC-1089,2024-04-24 12:55:00,2796.1,1
879,AML-R05,Sub-Threshold Multiple Txns,55,Medium,0,ACC-1084,2024-04-15 07:01:00,814.02,1
883,AML-R05,Sub-Threshold Multiple Txns,55,Medium,0,ACC-1084,2024-04-15 08:14:00,531.82,1
885,AML-R05,Sub-Threshold Multiple Txns,55,Medium,0,ACC-1084,2024-04-15 08:31:00,2462.77,1
886,AML-R05,Sub-Threshold Multiple Txns,55,Medium,0,ACC-1084,2024-04-15 08:48:00,1147.76,1
887,AML-R05,Sub-Threshold Multiple Txns,55,Medium,0,ACC-1084,2024-04-15 08:50:00,2521.47,1
888,AML-R05,Sub-Threshold Multiple Txns,55,Medium,0,ACC-1084,2024-04-15 08:54:00,2528.19,1
2937,AML-R05,Sub-Threshold Multiple Txns,55,Medium,0,ACC-1052,2024-05-20 00:00:00,9696.61,1
890,AML-R05,Sub-Threshold Multiple Txns,55,Medium,0,ACC-1084,2024-04-15 09:16:00,1866.27,1
892,AML-R05,Sub-Threshold Multiple Txns,55,Medium,0,ACC-1084,2024-04-15 09:23:00,777.9,1
897,AML-R05,Sub-Threshold Multiple Txns,55,Medium,0,ACC-1084,2024-04-15 09:51:00,2998.74,1
899,AML-R05,Sub-Threshold Multiple Txns,55,Medium,0,ACC-1084,2024-04-15 10:32:00,1397.87,1
900,AML-R05,Sub-Threshold Multiple Txns,55,Medium,0,ACC-1084,2024-04-15 10:36:00,987.99,1
2948,AML-R05,Sub-Threshold Multiple Txns,55,Medium,0,ACC-1052,2024-05-20 06:00:00,9689.87,1
2949,AML-R05,Sub-Threshold Multiple Txns,55,Medium,0,ACC-1052,2024-05-20 07:07:58,237.71,0
2953,AML-R05,Sub-Threshold Multiple Txns,55,Medium,0,ACC-1052,2024-05-20 08:00:00,9595.27,1
2965,AML-R05,Sub-Threshold Multiple Txns,55,Medium,0,ACC-1052,2024-05-20 12:00:00,9466.31,1
2488,AML-R05,Sub-Threshold Multiple Txns,55,Medium,0,ACC-1230,2024-05-12 08:03:00,2693.69,1
2489,AML-R05,Sub-Threshold Multiple Txns,55,Medium,0,ACC-1230,2024-05-12 08:15:00,2490.91,1
2492,AML-R05,Sub-Threshold Multiple Txns,55,Medium,0,ACC-1230,2024-05-12 08:53:00,1461.34,1
2494,AML-R05,Sub-Threshold Multiple Txns,55,Medium,0,ACC-1230,2024-05-12 09:25:00,1013.66,1
2495,AML-R05,Sub-Threshold Multiple Txns,55,Medium,0,ACC-1230,2024-05-12 09:29:00,681.74,1
2496,AML-R05,Sub-Threshold Multiple Txns,55,Medium,0,ACC-1230,2024-05-12 09:59:00,2387.02,1
2497,AML-R05,Sub-Threshold Multiple Txns,55,Medium,0,ACC-1230,2024-05-12 10:06:00,1999.23,1
2499,AML-R05,Sub-Threshold Multiple Txns,55,Medium,0,ACC-1230,2024-05-12 10:29:00,1236.37,1
3566,AML-R05,Sub-Threshold Multiple Txns,55,Medium,0,ACC-1182,2024-05-30 08:02:00,1787.02,1
3569,AML-R05,Sub-Threshold Multiple Txns,55,Medium,0,ACC-1182,2024-05-30 08:47:00,1621.23,1
3571,AML-R05,Sub-Threshold Multiple Txns,55,Medium,0,ACC-1182,2024-05-30 08:48:00,628.19,1
3572,AML-R05,Sub-Threshold Multiple Txns,55,Medium,0,ACC-1182,2024-05-30 09:11:00,764.11,1
3574,AML-R05,Sub-Threshold Multiple Txns,55,Medium,0,ACC-1182,2024-05-30 09:51:00,1618.03,1
3575,AML-R05,Sub-Threshold Multiple Txns,55,Medium,0,ACC-1182,2024-05-30 09:53:00,2283.19,1
3578,AML-R05,Sub-Threshold Multiple Txns,55,Medium,0,ACC-1182,2024-05-30 10:53:00,1801.55,1
3581,AML-R05,Sub-Threshold Multiple Txns,55,Medium,0,ACC-1182,2024-05-30 11:14:00,1420.68,1
3582,AML-R05,Sub-Threshold Multiple Txns,55,Medium,0,ACC-1182,2024-05-30 11:40:00,1298.79,1
3969,AML-R06,High-Risk Payment Format,65,Medium,0,ACC-1141,2024-06-06 00:00:00,12461.46,1
770,AML-R06,High-Risk Payment Format,65,Medium,0,ACC-1162,2024-04-13 11:50:22,14725.21,1
1410,AML-R06,High-Risk Payment Format,65,Medium,0,ACC-1244,2024-04-24 19:25:50,46670.62,1
2821,AML-R06,High-Risk Payment Format,65,Medium,0,ACC-1101,2024-05-18 08:00:00,8489.69,1
134,AML-R06,High-Risk Payment Format,65,Medium,0,ACC-1148,2024-04-03 05:15:44,49324.6,1
3464,AML-R06,High-Risk Payment Format,65,Medium,0,ACC-1139,2024-05-28 18:13:47,40745.75,1
3465,AML-R06,High-Risk Payment Format,65,Medium,0,ACC-1259,2024-05-28 18:19:24,11077.47,1
4492,AML-R06,High-Risk Payment Format,65,Medium,0,ACC-1273,2024-06-14 20:10:17,48000.0,1
4109,AML-R06,High-Risk Payment Format,65,Medium,0,ACC-1194,2024-06-08 03:52:22,22536.17,1
2832,AML-R06,High-Risk Payment Format,65,Medium,0,ACC-1288,2024-05-18 10:47:46,10885.85,1
3600,AML-R06,High-Risk Payment Format,65,Medium,0,ACC-1128,2024-05-30 19:00:00,11543.36,1
1042,AML-R06,High-Risk Payment Format,65,Medium,0,ACC-1248,2024-04-18 05:00:00,13522.54,1
1682,AML-R06,High-Risk Payment Format,65,Medium,0,ACC-1179,2024-04-29 04:53:11,16479.47,1
148,AML-R06,High-Risk Payment Format,65,Medium,0,ACC-1131,2024-04-03 10:00:00,10009.11,1
2710,AML-R06,High-Risk Payment Format,65,Medium,0,ACC-1266,2024-05-16 10:10:29,43454.47,1
3350,AML-R06,High-Risk Payment Format,65,Medium,0,ACC-1091,2024-05-27 00:00:00,11912.64,1
2202,AML-R06,High-Risk Payment Format,65,Medium,0,ACC-1053,2024-05-07 03:00:00,12313.65,1
795,AML-R06,High-Risk Payment Format,65,Medium,0,ACC-1171,2024-04-13 21:42:15,38000.0,1
1180,AML-R06,High-Risk Payment Format,65,Medium,0,ACC-1059,2024-04-20 16:51:12,23888.93,1
3101,AML-R06,High-Risk Payment Format,65,Medium,0,ACC-2000,2024-05-23 00:00:00,12445.9,1
4382,AML-R06,High-Risk Payment Format,65,Medium,0,ACC-1146,2024-06-12 19:00:00,12417.34,1
927,AML-R06,High-Risk Payment Format,65,Medium,0,ACC-1195,2024-04-16 00:00:00,5915.09,1
928,AML-R06,High-Risk Payment Format,65,Medium,0,ACC-1195,2024-04-16 00:00:00,5305.58,1
5247,AML-R06,High-Risk Payment Format,65,Medium,0,ACC-1035,2024-06-28 07:35:09,10505.18,1
1059,AML-R06,High-Risk Payment Format,65,Medium,0,ACC-1205,2024-04-18 12:00:00,5375.5,1
3235,AML-R06,High-Risk Payment Format,65,Medium,0,ACC-1289,2024-05-25 06:45:49,48657.09,1
2982,AML-R06,High-Risk Payment Format,65,Medium,0,ACC-1294,2024-05-20 19:00:00,7506.81,1
2984,AML-R06,High-Risk Payment Format,65,Medium,0,ACC-1086,2024-05-20 20:00:00,11299.3,1
1193,AML-R06,High-Risk Payment Format,65,Medium,0,ACC-1010,2024-04-21 00:00:00,13681.38,1
4394,AML-R06,High-Risk Payment Format,65,Medium,0,ACC-1223,2024-06-12 23:08:38,45000.0,1
1840,AML-R06,High-Risk Payment Format,65,Medium,0,ACC-1259,2024-05-01 14:21:33,46875.14,1
433,AML-R06,High-Risk Payment Format,65,Medium,0,ACC-1264,2024-04-08 00:00:00,11130.87,1
306,AML-R06,High-Risk Payment Format,65,Medium,0,ACC-1274,2024-04-05 21:30:24,5369.62,0
945,AML-R06,High-Risk Payment Format,65,Medium,0,ACC-1220,2024-04-16 07:00:00,11554.19,1
1076,AML-R06,High-Risk Payment Format,65,Medium,0,ACC-1170,2024-04-18 20:00:00,13644.44,1
1460,AML-R06,High-Risk Payment Format,65,Medium,0,ACC-1020,2024-04-25 12:00:00,5082.5,1
2611,AML-R06,High-Risk Payment Format,65,Medium,0,ACC-1007,2024-05-14 09:00:00,8436.19,1
3248,AML-R06,High-Risk Payment Format,65,Medium,0,ACC-1242,2024-05-25 10:00:00,9618.03,1
440,AML-R06,High-Risk Payment Format,65,Medium,0,ACC-1151,2024-04-08 03:32:31,5216.24,0
4400,AML-R06,High-Risk Payment Format,65,Medium,0,ACC-1011,2024-06-13 02:50:22,42081.85,1
1467,AML-R06,High-Risk Payment Format,65,Medium,0,ACC-1122,2024-04-25 14:00:00,5055.61,1
4923,AML-R06,High-Risk Payment Format,65,Medium,0,ACC-1045,2024-06-22 07:54:44,19892.5,1
2109,AML-R06,High-Risk Payment Format,65,Medium,0,ACC-1012,2024-05-05 18:00:00,11824.1,1
2622,AML-R06,High-Risk Payment Format,65,Medium,0,ACC-1262,2024-05-14 11:32:28,27000.0,1
4542,AML-R06,High-Risk Payment Format,65,Medium,0,ACC-1109,2024-06-15 19:00:00,6799.68,1
4925,AML-R06,High-Risk Payment Format,65,Medium,0,ACC-1009,2024-06-22 09:14:00,11679.89,1
2242,AML-R06,High-Risk Payment Format,65,Medium,0,ACC-1266,2024-05-07 23:00:00,5907.44,1
2370,AML-R06,High-Risk Payment Format,65,Medium,0,ACC-1002,2024-05-10 05:00:00,11063.24,1
584,AML-R06,High-Risk Payment Format,65,Medium,0,ACC-1234,2024-04-10 15:01:17,39293.53,1
3274,AML-R06,High-Risk Payment Format,65,Medium,0,ACC-1258,2024-05-25 17:50:19,28000.0,1
3019,AML-R06,High-Risk Payment Format,65,Medium,0,ACC-1069,2024-05-21 09:38:07,7739.14,0
2769,AML-R06,High-Risk Payment Format,65,Medium,0,ACC-1130,2024-05-17 08:39:18,22146.16,1
3411,AML-R06,High-Risk Payment Format,65,Medium,0,ACC-1293,2024-05-27 21:52:32,21992.24,1
4819,AML-R06,High-Risk Payment Format,65,Medium,0,ACC-1039,2024-06-20 10:25:49,29247.22,1
89,AML-R06,High-Risk Payment Format,65,Medium,0,ACC-1044,2024-04-02 15:00:00,13208.67,1
5081,AML-R06,High-Risk Payment Format,65,Medium,0,ACC-1182,2024-06-25 04:41:09,26476.69,1
475,AML-R06,High-Risk Payment Format,65,Medium,0,ACC-1002,2024-04-08 19:32:30,5033.05,0
2652,AML-R06,High-Risk Payment Format,65,Medium,0,ACC-2003,2024-05-15 00:00:00,10499.22,1
4319,AML-R06,High-Risk Payment Format,65,Medium,0,ACC-1057,2024-06-11 21:24:22,14488.09,1
2274,AML-R06,High-Risk Payment Format,65,Medium,0,ACC-1033,2024-05-08 15:49:14,29796.18,1
870,AML-R06,High-Risk Payment Format,65,Medium,0,ACC-1031,2024-04-15 04:00:00,5637.19,1
1638,AML-R06,High-Risk Payment Format,65,Medium,0,ACC-1148,2024-04-28 10:07:16,22000.0,1
1895,AML-R06,High-Risk Payment Format,65,Medium,0,ACC-1126,2024-05-02 11:10:26,29770.79,1
2920,AML-R06,High-Risk Payment Format,65,Medium,0,ACC-1159,2024-05-19 18:47:41,41000.0,1
3686,AML-R06,High-Risk Payment Format,65,Medium,0,ACC-1165,2024-05-31 20:41:33,35000.0,1
3687,AML-R06,High-Risk Payment Format,65,Medium,0,ACC-1163,2024-05-31 21:00:00,7916.59,1
4328,AML-R06,High-Risk Payment Format,65,Medium,0,ACC-1168,2024-06-12 00:00:00,6684.51,1
3309,AML-R06,High-Risk Payment Format,65,Medium,0,ACC-1129,2024-05-26 06:32:43,33288.74,1
3695,AML-R06,High-Risk Payment Format,65,Medium,0,ACC-2002,2024-06-01 00:00:00,8421.74,1
2803,AML-R06,High-Risk Payment Format,65,Medium,0,ACC-1091,2024-05-18 00:00:00,14978.54,1
2038,AML-R06,High-Risk Payment Format,65,Medium,0,ACC-1098,2024-05-04 12:43:57,26000.0,1
2936,AML-R06,High-Risk Payment Format,65,Medium,0,ACC-2005,2024-05-20 00:00:00,7223.95,1
1403,AML-R06,High-Risk Payment Format,65,Medium,0,ACC-1221,2024-04-24 18:00:00,8221.32,1
2173,AML-R06,High-Risk Payment Format,65,Medium,0,ACC-1280,2024-05-06 17:08:20,39574.89,1
3967,AML-R06,High-Risk Payment Format,65,Medium,0,ACC-2001,2024-06-06 00:00:00,13727.88,1
2,AML-R07,Unusual Activity Spike,58,Medium,0,ACC-1026,2024-04-01 02:00:00,9693.86,1
4098,AML-R07,Unusual Activity Spike,58,Medium,0,ACC-1092,2024-06-08 00:00:00,5813.11,1
4099,AML-R07,Unusual Activity Spike,58,Medium,0,ACC-1087,2024-06-08 00:00:00,6188.12,1
2061,AML-R07,Unusual Activity Spike,58,Medium,0,ACC-1293,2024-05-05 00:00:00,6894.63,1
4109,AML-R07,Unusual Activity Spike,58,Medium,0,ACC-1194,2024-06-08 03:52:22,22536.17,1
22,AML-R07,Unusual Activity Spike,58,Medium,0,ACC-1026,2024-04-01 10:00:00,9101.46,1
2082,AML-R07,Unusual Activity Spike,58,Medium,0,ACC-1012,2024-05-05 07:15:46,505.39,0
39,AML-R07,Unusual Activity Spike,58,Medium,0,ACC-1026,2024-04-01 19:00:00,9670.94,1
4137,AML-R07,Unusual Activity Spike,58,Medium,0,ACC-1199,2024-06-08 13:46:09,46414.33,1
2100,AML-R07,Unusual Activity Spike,58,Medium,0,ACC-1012,2024-05-05 14:00:00,12751.26,1
2105,AML-R07,Unusual Activity Spike,58,Medium,0,ACC-1186,2024-05-05 16:00:00,9345.79,1
4153,AML-R07,Unusual Activity Spike,58,Medium,0,ACC-1143,2024-06-08 22:23:37,16000.0,1
60,AML-R07,Unusual Activity Spike,58,Medium,0,ACC-1026,2024-04-02 04:00:00,9403.35,1
2108,AML-R07,Unusual Activity Spike,58,Medium,0,ACC-1186,2024-05-05 18:00:00,9864.49,1
2109,AML-R07,Unusual Activity Spike,58,Medium,0,ACC-1012,2024-05-05 18:00:00,11824.1,1
4157,AML-R07,Unusual Activity Spike,58,Medium,0,ACC-1087,2024-06-09 00:00:00,6588.94,1
4158,AML-R07,Unusual Activity Spike,58,Medium,0,ACC-1091,2024-06-09 00:00:00,5928.94,1
4159,AML-R07,Unusual Activity Spike,58,Medium,0,ACC-1091,2024-06-09 00:00:00,5085.03,1
4167,AML-R07,Unusual Activity Spike,58,Medium,0,ACC-1252,2024-06-09 02:00:00,9408.63,1
2124,AML-R07,Unusual Activity Spike,58,Medium,0,ACC-1293,2024-05-05 21:40:38,366.35,0
80,AML-R07,Unusual Activity Spike,58,Medium,0,ACC-1044,2024-04-02 10:00:00,13800.72,1
2130,AML-R07,Unusual Activity Spike,58,Medium,0,ACC-1293,2024-05-06 00:00:00,6734.0,1
2135,AML-R07,Unusual Activity Spike,58,Medium,0,ACC-1186,2024-05-06 01:00:00,9349.13,1
4184,AML-R07,Unusual Activity Spike,58,Medium,0,ACC-1252,2024-06-09 10:00:00,9437.5,1
89,AML-R07,Unusual Activity Spike,58,Medium,0,ACC-1044,2024-04-02 15:00:00,13208.67,1
2139,AML-R07,Unusual Activity Spike,58,Medium,0,ACC-1186,2024-05-06 03:00:00,9881.96,1
108,AML-R07,Unusual Activity Spike,58,Medium,0,ACC-1026,2024-04-02 22:00:00,9756.71,1
4210,AML-R07,Unusual Activity Spike,58,Medium,0,ACC-1252,2024-06-09 22:22:09,481.05,0
4211,AML-R07,Unusual Activity Spike,58,Medium,0,ACC-1252,2024-06-09 22:54:22,148.3,0
2173,AML-R07,Unusual Activity Spike,58,Medium,0,ACC-1280,2024-05-06 17:08:20,39574.89,1
4227,AML-R07,Unusual Activity Spike,58,Medium,0,ACC-1252,2024-06-10 04:00:00,9730.91,1
134,AML-R07,Unusual Activity Spike,58,Medium,0,ACC-1148,2024-04-03 05:15:44,49324.6,1
135,AML-R07,Unusual Activity Spike,58,Medium,0,ACC-1131,2024-04-03 05:29:09,132.43,0
136,AML-R07,Unusual Activity Spike,58,Medium,0,ACC-1131,2024-04-03 06:00:00,10242.68,1
2192,AML-R07,Unusual Activity Spike,58,Medium,0,ACC-1293,2024-05-06 23:23:28,40.12,0
148,AML-R07,Unusual Activity Spike,58,Medium,0,ACC-1131,2024-04-03 10:00:00,10009.11,1
2200,AML-R07,Unusual Activity Spike,58,Medium,0,ACC-1053,2024-05-07 02:00:00,12667.34,1
2202,AML-R07,Unusual Activity Spike,58,Medium,0,ACC-1053,2024-05-07 03:00:00,12313.65,1
4252,AML-R07,Unusual Activity Spike,58,Medium,0,ACC-1252,2024-06-10 14:00:00,9469.78,1
160,AML-R07,Unusual Activity Spike,58,Medium,0,ACC-1131,2024-04-03 13:30:28,129.46,0
162,AML-R07,Unusual Activity Spike,58,Medium,0,ACC-1026,2024-04-03 15:00:00,9485.39,1
2214,AML-R07,Unusual Activity Spike,58,Medium,0,ACC-1237,2024-05-07 12:00:00,9387.49,1
4265,AML-R07,Unusual Activity Spike,58,Medium,0,ACC-1252,2024-06-10 23:00:00,9325.28,1
182,AML-R07,Unusual Activity Spike,58,Medium,0,ACC-1010,2024-04-04 00:00:00,13817.01,1
2232,AML-R07,Unusual Activity Spike,58,Medium,0,ACC-1266,2024-05-07 19:00:00,6220.45,1
187,AML-R07,Unusual Activity Spike,58,Medium,0,ACC-1011,2024-04-04 03:00:00,9883.5,1
2242,AML-R07,Unusual Activity Spike,58,Medium,0,ACC-1266,2024-05-07 23:00:00,5907.44,1
2243,AML-R07,Unusual Activity Spike,58,Medium,0,ACC-1237,2024-05-07 23:00:00,9644.79,1
2244,AML-R07,Unusual Activity Spike,58,Medium,0,ACC-1229,2024-05-08 00:00:00,9057.38,1
200,AML-R07,Unusual Activity Spike,58,Medium,0,ACC-1011,2024-04-04 06:19:34,493.71,0
2248,AML-R07,Unusual Activity Spike,58,Medium,0,ACC-1237,2024-05-08 01:00:00,9688.56,1
202,AML-R07,Unusual Activity Spike,58,Medium,0,ACC-1238,2024-04-04 08:00:00,9063.87,1
2262,AML-R07,Unusual Activity Spike,58,Medium,0,ACC-1229,2024-05-08 11:00:00,9063.97,1
4317,AML-R07,Unusual Activity Spike,58,Medium,0,ACC-1168,2024-06-11 19:00:00,7350.42,1
4319,AML-R07,Unusual Activity Spike,58,Medium,0,ACC-1057,2024-06-11 21:24:22,14488.09,1
2274,AML-R07,Unusual Activity Spike,58,Medium,0,ACC-1033,2024-05-08 15:49:14,29796.18,1
4326,AML-R07,Unusual Activity Spike,58,Medium,0,ACC-1201,2024-06-12 00:00:00,5734.53,1
231,AML-R07,Unusual Activity Spike,58,Medium,0,ACC-1011,2024-04-04 17:00:00,9553.57,1
4328,AML-R07,Unusual Activity Spike,58,Medium,0,ACC-1168,2024-06-12 00:00:00,6684.51,1
233,AML-R07,Unusual Activity Spike,58,Medium,0,ACC-1052,2024-04-04 17:32:41,5877.31,0
2282,AML-R07,Unusual Activity Spike,58,Medium,0,ACC-1229,2024-05-08 19:17:47,246.25,0
2287,AML-R07,Unusual Activity Spike,58,Medium,0,ACC-1229,2024-05-08 23:00:00,9040.69,1
4335,AML-R07,Unusual Activity Spike,58,Medium,0,ACC-1295,2024-06-12 04:00:00,9176.46,1
4338,AML-R07,Unusual Activity Spike,58,Medium,0,ACC-1133,2024-06-12 05:09:00,510.69,1
4339,AML-R07,Unusual Activity Spike,58,Medium,0,ACC-1133,2024-06-12 05:11:00,817.96,1
2294,AML-R07,Unusual Activity Spike,58,Medium,0,ACC-1115,2024-05-09 02:00:00,3674.1,1
4344,AML-R07,Unusual Activity Spike,58,Medium,0,ACC-1133,2024-06-12 06:11:00,2668.23,1
4345,AML-R07,Unusual Activity Spike,58,Medium,0,ACC-1133,2024-06-12 06:31:00,2262.89,1
4347,AML-R07,Unusual Activity Spike,58,Medium,0,ACC-1133,2024-06-12 07:10:00,1933.81,1
4348,AML-R07,Unusual Activity Spike,58,Medium,0,ACC-1133,2024-06-12 07:23:00,518.92,1
4349,AML-R07,Unusual Activity Spike,58,Medium,0,ACC-1133,2024-06-12 07:50:00,2392.03,1
4352,AML-R07,Unusual Activity Spike,58,Medium,0,ACC-1133,2024-06-12 08:18:00,565.79,1
4353,AML-R07,Unusual Activity Spike,58,Medium,0,ACC-1133,2024-06-12 08:24:00,571.95,1
4354,AML-R07,Unusual Activity Spike,58,Medium,0,ACC-1133,2024-06-12 08:26:00,2288.75,1
4355,AML-R07,Unusual Activity Spike,58,Medium,0,ACC-1133,2024-06-12 08:34:00,867.49,1
2308,AML-R07,Unusual Activity Spike,58,Medium,0,ACC-1115,2024-05-09 07:00:00,3398.0,1
263,AML-R07,Unusual Activity Spike,58,Medium,0,ACC-1011,2024-04-05 03:00:00,9053.58,1
276,AML-R07,Unusual Activity Spike,58,Medium,0,ACC-1238,2024-04-05 07:00:00,9451.7,1
280,AML-R07,Unusual Activity Spike,58,Medium,0,ACC-1011,2024-04-05 08:30:09,313.86,0
4377,AML-R07,Unusual Activity Spike,58,Medium,0,ACC-1146,2024-06-12 17:00:00,13425.71,1
4382,AML-R07,Unusual Activity Spike,58,Medium,0,ACC-1146,2024-06-12 19:00:00,12417.34,1
4394,AML-R07,Unusual Activity Spike,58,Medium,0,ACC-1223,2024-06-12 23:08:38,45000.0,1
2347,AML-R07,Unusual Activity Spike,58,Medium,0,ACC-1237,2024-05-09 21:00:00,9711.75,1
4400,AML-R07,Unusual Activity Spike,58,Medium,0,ACC-1011,2024-06-13 02:50:22,42081.85,1
306,AML-R07,Unusual Activity Spike,58,Medium,0,ACC-1274,2024-04-05 21:30:24,5369.62,0
2354,AML-R07,Unusual Activity Spike,58,Medium,0,ACC-1237,2024-05-09 23:00:00,9284.88,1
4405,AML-R07,Unusual Activity Spike,58,Medium,0,ACC-1295,2024-06-13 08:00:00,9252.61,1
2359,AML-R07,Unusual Activity Spike,58,Medium,0,ACC-1229,2024-05-10 01:00:00,9299.82,1
2364,AML-R07,Unusual Activity Spike,58,Medium,0,ACC-1002,2024-05-10 02:00:00,11262.36,1
2370,AML-R07,Unusual Activity Spike,58,Medium,0,ACC-1002,2024-05-10 05:00:00,11063.24,1
4424,AML-R07,Unusual Activity Spike,58,Medium,0,ACC-1295,2024-06-13 15:00:00,9433.21,1
329,AML-R07,Unusual Activity Spike,58,Medium,0,ACC-1238,2024-04-06 06:00:00,9589.21,1
330,AML-R07,Unusual Activity Spike,58,Medium,0,ACC-1238,2024-04-06 06:00:00,9320.76,1
2381,AML-R07,Unusual Activity Spike,58,Medium,0,ACC-1229,2024-05-10 10:00:00,9890.79,1
4432,AML-R07,Unusual Activity Spike,58,Medium,0,ACC-1159,2024-06-13 19:19:45,38920.26,1
341,AML-R07,Unusual Activity Spike,58,Medium,0,ACC-1011,2024-04-06 11:00:00,9232.39,1
342,AML-R07,Unusual Activity Spike,58,Medium,0,ACC-1238,2024-04-06 12:00:00,9877.21,1
4444,AML-R07,Unusual Activity Spike,58,Medium,0,ACC-1195,2024-06-14 00:00:00,16591.23,1
349,AML-R07,Unusual Activity Spike,58,Medium,0,ACC-1238,2024-04-06 15:00:00,9798.98,1
2398,AML-R07,Unusual Activity Spike,58,Medium,0,ACC-1229,2024-05-10 17:00:00,9519.06,1
4462,AML-R07,Unusual Activity Spike,58,Medium,0,ACC-1195,2024-06-14 09:10:42,382.34,1
4464,AML-R07,Unusual Activity Spike,58,Medium,0,ACC-1295,2024-06-14 10:00:00,9089.64,1
375,AML-R07,Unusual Activity Spike,58,Medium,0,ACC-1264,2024-04-07 00:49:37,751.96,0
4487,AML-R07,Unusual Activity Spike,58,Medium,0,ACC-1094,2024-06-14 18:26:51,13463.85,1
4492,AML-R07,Unusual Activity Spike,58,Medium,0,ACC-1273,2024-06-14 20:10:17,48000.0,1
4504,AML-R07,Unusual Activity Spike,58,Medium,0,ACC-1092,2024-06-15 00:00:00,5176.83,1
4505,AML-R07,Unusual Activity Spike,58,Medium,0,ACC-1087,2024-06-15 00:00:00,6049.95,1
4506,AML-R07,Unusual Activity Spike,58,Medium,0,ACC-1212,2024-06-15 00:00:00,10880.58,1
4511,AML-R07,Unusual Activity Spike,58,Medium,0,ACC-1092,2024-06-15 02:41:08,1180.1,0
419,AML-R07,Unusual Activity Spike,58,Medium,0,ACC-1264,2024-04-07 18:59:27,50.38,0
420,AML-R07,Unusual Activity Spike,58,Medium,0,ACC-1264,2024-04-07 19:00:00,12051.47,1
433,AML-R07,Unusual Activity Spike,58,Medium,0,ACC-1264,2024-04-08 00:00:00,11130.87,1
4533,AML-R07,Unusual Activity Spike,58,Medium,0,ACC-1109,2024-06-15 17:00:00,7361.75,1
2487,AML-R07,Unusual Activity Spike,58,Medium,0,ACC-1022,2024-05-12 07:00:00,9821.39,1
440,AML-R07,Unusual Activity Spike,58,Medium,0,ACC-1151,2024-04-08 03:32:31,5216.24,0
2488,AML-R07,Unusual Activity Spike,58,Medium,0,ACC-1230,2024-05-12 08:03:00,2693.69,1
2489,AML-R07,Unusual Activity Spike,58,Medium,0,ACC-1230,2024-05-12 08:15:00,2490.91,1
2492,AML-R07,Unusual Activity Spike,58,Medium,0,ACC-1230,2024-05-12 08:53:00,1461.34,1
2494,AML-R07,Unusual Activity Spike,58,Medium,0,ACC-1230,2024-05-12 09:25:00,1013.66,1
2495,AML-R07,Unusual Activity Spike,58,Medium,0,ACC-1230,2024-05-12 09:29:00,681.74,1
2496,AML-R07,Unusual Activity Spike,58,Medium,0,ACC-1230,2024-05-12 09:59:00,2387.02,1
2497,AML-R07,Unusual Activity Spike,58,Medium,0,ACC-1230,2024-05-12 10:06:00,1999.23,1
4542,AML-R07,Unusual Activity Spike,58,Medium,0,ACC-1109,2024-06-15 19:00:00,6799.68,1
2499,AML-R07,Unusual Activity Spike,58,Medium,0,ACC-1230,2024-05-12 10:29:00,1236.37,1
475,AML-R07,Unusual Activity Spike,58,Medium,0,ACC-1002,2024-04-08 19:32:30,5033.05,0
2533,AML-R07,Unusual Activity Spike,58,Medium,0,ACC-1074,2024-05-13 00:00:00,6330.58,1
2534,AML-R07,Unusual Activity Spike,58,Medium,0,ACC-1293,2024-05-13 00:00:00,5426.92,1
2537,AML-R07,Unusual Activity Spike,58,Medium,0,ACC-1022,2024-05-13 01:00:00,9714.09,1
491,AML-R07,Unusual Activity Spike,58,Medium,0,ACC-1093,2024-04-09 02:00:00,9361.73,1
494,AML-R07,Unusual Activity Spike,58,Medium,0,ACC-1225,2024-04-09 03:05:36,696.49,0
502,AML-R07,Unusual Activity Spike,58,Medium,0,ACC-1093,2024-04-09 07:00:00,9102.57,1
4616,AML-R07,Unusual Activity Spike,58,Medium,0,ACC-1087,2024-06-17 00:00:00,6368.19,1
4625,AML-R07,Unusual Activity Spike,58,Medium,0,ACC-1140,2024-06-17 02:39:00,2243.64,1
4626,AML-R07,Unusual Activity Spike,58,Medium,0,ACC-1140,2024-06-17 03:09:00,2830.61,1
4627,AML-R07,Unusual Activity Spike,58,Medium,0,ACC-1140,2024-06-17 03:13:00,2049.86,1
4628,AML-R07,Unusual Activity Spike,58,Medium,0,ACC-1140,2024-06-17 03:22:00,2723.81,1
4629,AML-R07,Unusual Activity Spike,58,Medium,0,ACC-1140,2024-06-17 03:26:00,2194.32,1
4630,AML-R07,Unusual Activity Spike,58,Medium,0,ACC-1140,2024-06-17 03:31:00,1720.08,1
4632,AML-R07,Unusual Activity Spike,58,Medium,0,ACC-1140,2024-06-17 04:03:00,2632.52,1
540,AML-R07,Unusual Activity Spike,58,Medium,0,ACC-1225,2024-04-09 21:29:24,10915.85,1
4636,AML-R07,Unusual Activity Spike,58,Medium,0,ACC-1140,2024-06-17 04:50:00,1054.68,1
4637,AML-R07,Unusual Activity Spike,58,Medium,0,ACC-1140,2024-06-17 04:57:00,947.08,1
4638,AML-R07,Unusual Activity Spike,58,Medium,0,ACC-1140,2024-06-17 05:05:00,2881.87,1
545,AML-R07,Unusual Activity Spike,58,Medium,0,ACC-1093,2024-04-09 23:00:00,9366.85,1
2597,AML-R07,Unusual Activity Spike,58,Medium,0,ACC-1007,2024-05-14 04:00:00,8922.96,1
559,AML-R07,Unusual Activity Spike,58,Medium,0,ACC-1211,2024-04-10 06:00:00,9528.28,1
2611,AML-R07,Unusual Activity Spike,58,Medium,0,ACC-1007,2024-05-14 09:00:00,8436.19,1
2622,AML-R07,Unusual Activity Spike,58,Medium,0,ACC-1262,2024-05-14 11:32:28,27000.0,1
4672,AML-R07,Unusual Activity Spike,58,Medium,0,ACC-1281,2024-06-17 17:26:29,26319.13,1
584,AML-R07,Unusual Activity Spike,58,Medium,0,ACC-1234,2024-04-10 15:01:17,39293.53,1
4686,AML-R07,Unusual Activity Spike,58,Medium,0,ACC-1091,2024-06-18 00:00:00,5297.55,1
2642,AML-R07,Unusual Activity Spike,58,Medium,0,ACC-1022,2024-05-14 20:00:00,9394.29,1
600,AML-R07,Unusual Activity Spike,58,Medium,0,ACC-1093,2024-04-10 22:00:00,9513.04,1
601,AML-R07,Unusual Activity Spike,58,Medium,0,ACC-1211,2024-04-10 22:00:00,9069.34,1
4697,AML-R07,Unusual Activity Spike,58,Medium,0,ACC-1026,2024-06-18 08:58:16,44053.04,1
4710,AML-R07,Unusual Activity Spike,58,Medium,0,ACC-1150,2024-06-18 15:26:32,31594.93,1
4724,AML-R07,Unusual Activity Spike,58,Medium,0,ACC-1141,2024-06-19 00:00:00,15758.17,1
636,AML-R07,Unusual Activity Spike,58,Medium,0,ACC-1275,2024-04-11 11:00:00,9561.55,1
647,AML-R07,Unusual Activity Spike,58,Medium,0,ACC-1211,2024-04-11 15:00:00,9576.21,1
2710,AML-R07,Unusual Activity Spike,58,Medium,0,ACC-1266,2024-05-16 10:10:29,43454.47,1
4768,AML-R07,Unusual Activity Spike,58,Medium,0,ACC-1283,2024-06-19 19:52:10,167.99,0
674,AML-R07,Unusual Activity Spike,58,Medium,0,ACC-1130,2024-04-12 04:30:39,2962.91,0
676,AML-R07,Unusual Activity Spike,58,Medium,0,ACC-1275,2024-04-12 05:00:00,9200.14,1
4780,AML-R07,Unusual Activity Spike,58,Medium,0,ACC-1283,2024-06-19 23:00:00,9881.39,1
4786,AML-R07,Unusual Activity Spike,58,Medium,0,ACC-1010,2024-06-20 00:00:00,17288.74,1
691,AML-R07,Unusual Activity Spike,58,Medium,0,ACC-1046,2024-04-12 08:00:00,9436.88,1
4793,AML-R07,Unusual Activity Spike,58,Medium,0,ACC-1283,2024-06-20 03:00:00,9842.98,1
699,AML-R07,Unusual Activity Spike,58,Medium,0,ACC-1046,2024-04-12 12:00:00,9065.75,1
700,AML-R07,Unusual Activity Spike,58,Medium,0,ACC-1133,2024-04-12 12:00:00,9229.82,1
705,AML-R07,Unusual Activity Spike,58,Medium,0,ACC-1275,2024-04-12 15:00:00,9027.83,1
4814,AML-R07,Unusual Activity Spike,58,Medium,0,ACC-1010,2024-06-20 09:51:04,157.51,1
4815,AML-R07,Unusual Activity Spike,58,Medium,0,ACC-1283,2024-06-20 10:00:00,9710.6,1
2769,AML-R07,Unusual Activity Spike,58,Medium,0,ACC-1130,2024-05-17 08:39:18,22146.16,1
4819,AML-R07,Unusual Activity Spike,58,Medium,0,ACC-1039,2024-06-20 10:25:49,29247.22,1
728,AML-R07,Unusual Activity Spike,58,Medium,0,ACC-1130,2024-04-12 20:06:05,2890.53,0
4834,AML-R07,Unusual Activity Spike,58,Medium,0,ACC-1048,2024-06-20 14:57:41,21634.68,1
2803,AML-R07,Unusual Activity Spike,58,Medium,0,ACC-1091,2024-05-18 00:00:00,14978.54,1
2806,AML-R07,Unusual Activity Spike,58,Medium,0,ACC-1091,2024-05-18 02:27:13,193.01,1
4855,AML-R07,Unusual Activity Spike,58,Medium,0,ACC-1092,2024-06-21 00:00:00,6428.96,1
763,AML-R07,Unusual Activity Spike,58,Medium,0,ACC-1133,2024-04-13 10:00:00,9029.5,1
2811,AML-R07,Unusual Activity Spike,58,Medium,0,ACC-1101,2024-05-18 04:00:00,8702.6,1
770,AML-R07,Unusual Activity Spike,58,Medium,0,ACC-1162,2024-04-13 11:50:22,14725.21,1
2819,AML-R07,Unusual Activity Spike,58,Medium,0,ACC-1288,2024-05-18 07:06:31,114.08,0
2821,AML-R07,Unusual Activity Spike,58,Medium,0,ACC-1101,2024-05-18 08:00:00,8489.69,1
4873,AML-R07,Unusual Activity Spike,58,Medium,0,ACC-1097,2024-06-21 04:57:04,5073.38,0
2832,AML-R07,Unusual Activity Spike,58,Medium,0,ACC-1288,2024-05-18 10:47:46,10885.85,1
789,AML-R07,Unusual Activity Spike,58,Medium,0,ACC-1133,2024-04-13 20:00:00,9608.99,1
2838,AML-R07,Unusual Activity Spike,58,Medium,0,ACC-1221,2024-05-18 15:12:37,44846.3,1
795,AML-R07,Unusual Activity Spike,58,Medium,0,ACC-1171,2024-04-13 21:42:15,38000.0,1
2864,AML-R07,Unusual Activity Spike,58,Medium,0,ACC-1267,2024-05-19 00:00:00,6884.4,1
2869,AML-R07,Unusual Activity Spike,58,Medium,0,ACC-1052,2024-05-19 01:00:00,9629.47,1
4923,AML-R07,Unusual Activity Spike,58,Medium,0,ACC-1045,2024-06-22 07:54:44,19892.5,1
4925,AML-R07,Unusual Activity Spike,58,Medium,0,ACC-1009,2024-06-22 09:14:00,11679.89,1
851,AML-R07,Unusual Activity Spike,58,Medium,0,ACC-1046,2024-04-14 22:00:00,9425.46,1
855,AML-R07,Unusual Activity Spike,58,Medium,0,ACC-1031,2024-04-15 00:00:00,6162.14,1
858,AML-R07,Unusual Activity Spike,58,Medium,0,ACC-1084,2024-04-15 01:15:07,127.86,0
2914,AML-R07,Unusual Activity Spike,58,Medium,0,ACC-1052,2024-05-19 17:00:00,9263.65,1
870,AML-R07,Unusual Activity Spike,58,Medium,0,ACC-1031,2024-04-15 04:00:00,5637.19,1
2918,AML-R07,Unusual Activity Spike,58,Medium,0,ACC-1079,2024-05-19 18:00:00,9339.51,1
2920,AML-R07,Unusual Activity Spike,58,Medium,0,ACC-1159,2024-05-19 18:47:41,41000.0,1
879,AML-R07,Unusual Activity Spike,58,Medium,0,ACC-1084,2024-04-15 07:01:00,814.02,1
883,AML-R07,Unusual Activity Spike,58,Medium,0,ACC-1084,2024-04-15 08:14:00,531.82,1
885,AML-R07,Unusual Activity Spike,58,Medium,0,ACC-1084,2024-04-15 08:31:00,2462.77,1
886,AML-R07,Unusual Activity Spike,58,Medium,0,ACC-1084,2024-04-15 08:48:00,1147.76,1
887,AML-R07,Unusual Activity Spike,58,Medium,0,ACC-1084,2024-04-15 08:50:00,2521.47,1
888,AML-R07,Unusual Activity Spike,58,Medium,0,ACC-1084,2024-04-15 08:54:00,2528.19,1
2937,AML-R07,Unusual Activity Spike,58,Medium,0,ACC-1052,2024-05-20 00:00:00,9696.61,1
890,AML-R07,Unusual Activity Spike,58,Medium,0,ACC-1084,2024-04-15 09:16:00,1866.27,1
892,AML-R07,Unusual Activity Spike,58,Medium,0,ACC-1084,2024-04-15 09:23:00,777.9,1
897,AML-R07,Unusual Activity Spike,58,Medium,0,ACC-1084,2024-04-15 09:51:00,2998.74,1
899,AML-R07,Unusual Activity Spike,58,Medium,0,ACC-1084,2024-04-15 10:32:00,1397.87,1
900,AML-R07,Unusual Activity Spike,58,Medium,0,ACC-1084,2024-04-15 10:36:00,987.99,1
2948,AML-R07,Unusual Activity Spike,58,Medium,0,ACC-1052,2024-05-20 06:00:00,9689.87,1
2949,AML-R07,Unusual Activity Spike,58,Medium,0,ACC-1052,2024-05-20 07:07:58,237.71,0
2952,AML-R07,Unusual Activity Spike,58,Medium,0,ACC-1079,2024-05-20 08:00:00,9693.38,1
2953,AML-R07,Unusual Activity Spike,58,Medium,0,ACC-1052,2024-05-20 08:00:00,9595.27,1
2965,AML-R07,Unusual Activity Spike,58,Medium,0,ACC-1052,2024-05-20 12:00:00,9466.31,1
2967,AML-R07,Unusual Activity Spike,58,Medium,0,ACC-1294,2024-05-20 14:00:00,8177.33,1
5020,AML-R07,Unusual Activity Spike,58,Medium,0,ACC-1091,2024-06-24 00:00:00,6438.87,1
927,AML-R07,Unusual Activity Spike,58,Medium,0,ACC-1195,2024-04-16 00:00:00,5915.09,1
928,AML-R07,Unusual Activity Spike,58,Medium,0,ACC-1195,2024-04-16 00:00:00,5305.58,1
2976,AML-R07,Unusual Activity Spike,58,Medium,0,ACC-1079,2024-05-20 16:34:40,121.67,0
2978,AML-R07,Unusual Activity Spike,58,Medium,0,ACC-1086,2024-05-20 18:00:00,12299.92,1
2981,AML-R07,Unusual Activity Spike,58,Medium,0,ACC-1079,2024-05-20 19:00:00,9011.69,1
2982,AML-R07,Unusual Activity Spike,58,Medium,0,ACC-1294,2024-05-20 19:00:00,7506.81,1
2984,AML-R07,Unusual Activity Spike,58,Medium,0,ACC-1086,2024-05-20 20:00:00,11299.3,1
941,AML-R07,Unusual Activity Spike,58,Medium,0,ACC-1220,2024-04-16 06:00:00,12478.03,1
945,AML-R07,Unusual Activity Spike,58,Medium,0,ACC-1220,2024-04-16 07:00:00,11554.19,1
2994,AML-R07,Unusual Activity Spike,58,Medium,0,ACC-1267,2024-05-21 00:00:00,5654.68,1
3006,AML-R07,Unusual Activity Spike,58,Medium,0,ACC-1079,2024-05-21 03:00:00,9216.73,1
3008,AML-R07,Unusual Activity Spike,58,Medium,0,ACC-1079,2024-05-21 04:00:00,9635.09,1
5057,AML-R07,Unusual Activity Spike,58,Medium,0,ACC-1084,2024-06-24 17:11:37,25801.14,1
3016,AML-R07,Unusual Activity Spike,58,Medium,0,ACC-1069,2024-05-21 08:25:31,804.02,0
3019,AML-R07,Unusual Activity Spike,58,Medium,0,ACC-1069,2024-05-21 09:38:07,7739.14,0
3023,AML-R07,Unusual Activity Spike,58,Medium,0,ACC-1069,2024-05-21 10:56:23,751.87,0
5081,AML-R07,Unusual Activity Spike,58,Medium,0,ACC-1182,2024-06-25 04:41:09,26476.69,1
3050,AML-R07,Unusual Activity Spike,58,Medium,0,ACC-1012,2024-05-22 03:04:24,97.99,0
1012,AML-R07,Unusual Activity Spike,58,Medium,0,ACC-1056,2024-04-17 15:00:00,9591.46,1
5116,AML-R07,Unusual Activity Spike,58,Medium,0,ACC-1092,2024-06-26 00:00:00,6979.65,1
1021,AML-R07,Unusual Activity Spike,58,Medium,0,ACC-1056,2024-04-17 18:00:00,9494.46,1
5117,AML-R07,Unusual Activity Spike,58,Medium,0,ACC-1091,2024-06-26 00:00:00,5212.44,1
3079,AML-R07,Unusual Activity Spike,58,Medium,0,ACC-1012,2024-05-22 15:58:50,42565.74,1
1037,AML-R07,Unusual Activity Spike,58,Medium,0,ACC-1248,2024-04-18 04:00:00,14737.6,1
1042,AML-R07,Unusual Activity Spike,58,Medium,0,ACC-1248,2024-04-18 05:00:00,13522.54,1
1048,AML-R07,Unusual Activity Spike,58,Medium,0,ACC-1205,2024-04-18 08:00:00,5536.46,1
1059,AML-R07,Unusual Activity Spike,58,Medium,0,ACC-1205,2024-04-18 12:00:00,5375.5,1
1064,AML-R07,Unusual Activity Spike,58,Medium,0,ACC-1056,2024-04-18 15:00:00,9624.88,1
1067,AML-R07,Unusual Activity Spike,58,Medium,0,ACC-1170,2024-04-18 16:00:00,14027.05,1
5166,AML-R07,Unusual Activity Spike,58,Medium,0,ACC-1091,2024-06-27 00:00:00,5701.97,1
1076,AML-R07,Unusual Activity Spike,58,Medium,0,ACC-1170,2024-04-18 20:00:00,13644.44,1
1084,AML-R07,Unusual Activity Spike,58,Medium,0,ACC-1010,2024-04-19 00:00:00,9013.29,1
1085,AML-R07,Unusual Activity Spike,58,Medium,0,ACC-1195,2024-04-19 00:00:00,6589.5,1
1092,AML-R07,Unusual Activity Spike,58,Medium,0,ACC-1168,2024-04-19 01:00:00,9564.11,1
3141,AML-R07,Unusual Activity Spike,58,Medium,0,ACC-1074,2024-05-23 13:56:04,24223.27,1
1102,AML-R07,Unusual Activity Spike,58,Medium,0,ACC-1168,2024-04-19 05:00:00,9496.12,1
3150,AML-R07,Unusual Activity Spike,58,Medium,0,ACC-1281,2024-05-23 18:05:14,16236.3,1
1127,AML-R07,Unusual Activity Spike,58,Medium,0,ACC-1010,2024-04-19 16:00:00,9669.33,1
5247,AML-R07,Unusual Activity Spike,58,Medium,0,ACC-1035,2024-06-28 07:35:09,10505.18,1
1170,AML-R07,Unusual Activity Spike,58,Medium,0,ACC-1168,2024-04-20 13:00:00,9785.06,1
1180,AML-R07,Unusual Activity Spike,58,Medium,0,ACC-1059,2024-04-20 16:51:12,23888.93,1
3235,AML-R07,Unusual Activity Spike,58,Medium,0,ACC-1289,2024-05-25 06:45:49,48657.09,1
1189,AML-R07,Unusual Activity Spike,58,Medium,0,ACC-1010,2024-04-20 23:00:00,9000.12,1
1193,AML-R07,Unusual Activity Spike,58,Medium,0,ACC-1010,2024-04-21 00:00:00,13681.38,1
3241,AML-R07,Unusual Activity Spike,58,Medium,0,ACC-1162,2024-05-25 09:00:00,9434.54,1
3242,AML-R07,Unusual Activity Spike,58,Medium,0,ACC-1242,2024-05-25 09:00:00,10480.1,1
3248,AML-R07,Unusual Activity Spike,58,Medium,0,ACC-1242,2024-05-25 10:00:00,9618.03,1
1207,AML-R07,Unusual Activity Spike,58,Medium,0,ACC-1029,2024-04-21 06:46:17,15739.15,1
1209,AML-R07,Unusual Activity Spike,58,Medium,0,ACC-1168,2024-04-21 08:00:00,9006.84,1
1217,AML-R07,Unusual Activity Spike,58,Medium,0,ACC-1168,2024-04-21 11:00:00,9281.11,1
3270,AML-R07,Unusual Activity Spike,58,Medium,0,ACC-1162,2024-05-25 17:00:00,9668.42,1
3273,AML-R07,Unusual Activity Spike,58,Medium,0,ACC-1122,2024-05-25 17:39:05,37000.0,1
3274,AML-R07,Unusual Activity Spike,58,Medium,0,ACC-1258,2024-05-25 17:50:19,28000.0,1
1228,AML-R07,Unusual Activity Spike,58,Medium,0,ACC-1168,2024-04-21 16:00:00,9720.17,1
3292,AML-R07,Unusual Activity Spike,58,Medium,0,ACC-1267,2024-05-26 00:00:00,6724.26,1
3309,AML-R07,Unusual Activity Spike,58,Medium,0,ACC-1129,2024-05-26 06:32:43,33288.74,1
3319,AML-R07,Unusual Activity Spike,58,Medium,0,ACC-1162,2024-05-26 10:00:00,9558.39,1
3321,AML-R07,Unusual Activity Spike,58,Medium,0,ACC-1162,2024-05-26 11:00:00,9561.81,1
3331,AML-R07,Unusual Activity Spike,58,Medium,0,ACC-1162,2024-05-26 16:00:00,9355.39,1
3335,AML-R07,Unusual Activity Spike,58,Medium,0,ACC-1162,2024-05-26 16:50:21,126.13,0
3350,AML-R07,Unusual Activity Spike,58,Medium,0,ACC-1091,2024-05-27 00:00:00,11912.64,1
1353,AML-R07,Unusual Activity Spike,58,Medium,0,ACC-1271,2024-04-24 02:00:00,9597.86,1
3411,AML-R07,Unusual Activity Spike,58,Medium,0,ACC-1293,2024-05-27 21:52:32,21992.24,1
1367,AML-R07,Unusual Activity Spike,58,Medium,0,ACC-1089,2024-04-24 09:56:00,1257.86,1
1370,AML-R07,Unusual Activity Spike,58,Medium,0,ACC-1271,2024-04-24 10:00:00,9346.97,1
1374,AML-R07,Unusual Activity Spike,58,Medium,0,ACC-1089,2024-04-24 10:54:00,2822.29,1
3423,AML-R07,Unusual Activity Spike,58,Medium,0,ACC-1267,2024-05-28 00:00:00,5602.52,1
1375,AML-R07,Unusual Activity Spike,58,Medium,0,ACC-1089,2024-04-24 11:00:00,979.78,1
1377,AML-R07,Unusual Activity Spike,58,Medium,0,ACC-1089,2024-04-24 11:36:00,1687.94,1
1379,AML-R07,Unusual Activity Spike,58,Medium,0,ACC-1089,2024-04-24 11:51:00,2653.74,1
1380,AML-R07,Unusual Activity Spike,58,Medium,0,ACC-1089,2024-04-24 12:00:00,1076.9,1
1381,AML-R07,Unusual Activity Spike,58,Medium,0,ACC-1089,2024-04-24 12:09:00,1061.93,1
1382,AML-R07,Unusual Activity Spike,58,Medium,0,ACC-1089,2024-04-24 12:20:00,872.72,1
1383,AML-R07,Unusual Activity Spike,58,Medium,0,ACC-1089,2024-04-24 12:35:00,1792.35,1
1385,AML-R07,Unusual Activity Spike,58,Medium,0,ACC-1089,2024-04-24 12:55:00,2796.1,1
1399,AML-R07,Unusual Activity Spike,58,Medium,0,ACC-1221,2024-04-24 17:00:00,8715.5,1
1401,AML-R07,Unusual Activity Spike,58,Medium,0,ACC-1221,2024-04-24 17:07:34,92.09,0
1403,AML-R07,Unusual Activity Spike,58,Medium,0,ACC-1221,2024-04-24 18:00:00,8221.32,1
1410,AML-R07,Unusual Activity Spike,58,Medium,0,ACC-1244,2024-04-24 19:25:50,46670.62,1
3463,AML-R07,Unusual Activity Spike,58,Medium,0,ACC-1044,2024-05-28 18:00:00,9346.02,1
3464,AML-R07,Unusual Activity Spike,58,Medium,0,ACC-1139,2024-05-28 18:13:47,40745.75,1
3465,AML-R07,Unusual Activity Spike,58,Medium,0,ACC-1259,2024-05-28 18:19:24,11077.47,1
1423,AML-R07,Unusual Activity Spike,58,Medium,0,ACC-1271,2024-04-25 01:00:00,9788.6,1
3477,AML-R07,Unusual Activity Spike,58,Medium,0,ACC-1267,2024-05-29 00:00:00,5965.44,1
3478,AML-R07,Unusual Activity Spike,58,Medium,0,ACC-1212,2024-05-29 00:00:00,19925.59,1
3483,AML-R07,Unusual Activity Spike,58,Medium,0,ACC-1054,2024-05-29 02:24:01,35852.01,1
3485,AML-R07,Unusual Activity Spike,58,Medium,0,ACC-1128,2024-05-29 03:00:00,9130.68,1
1440,AML-R07,Unusual Activity Spike,58,Medium,0,ACC-1271,2024-04-25 07:14:50,399.66,0
1454,AML-R07,Unusual Activity Spike,58,Medium,0,ACC-1218,2024-04-25 10:00:00,9233.97,1
1458,AML-R07,Unusual Activity Spike,58,Medium,0,ACC-1020,2024-04-25 11:00:00,5419.55,1
1460,AML-R07,Unusual Activity Spike,58,Medium,0,ACC-1020,2024-04-25 12:00:00,5082.5,1
1463,AML-R07,Unusual Activity Spike,58,Medium,0,ACC-1218,2024-04-25 13:00:00,9074.19,1
1464,AML-R07,Unusual Activity Spike,58,Medium,0,ACC-1122,2024-04-25 13:00:00,5484.88,1
1467,AML-R07,Unusual Activity Spike,58,Medium,0,ACC-1122,2024-04-25 14:00:00,5055.61,1
3517,AML-R07,Unusual Activity Spike,58,Medium,0,ACC-1128,2024-05-29 13:00:00,9265.26,1
3530,AML-R07,Unusual Activity Spike,58,Medium,0,ACC-1048,2024-05-29 17:58:24,6444.78,0
3542,AML-R07,Unusual Activity Spike,58,Medium,0,ACC-1044,2024-05-30 00:00:00,9778.51,1
1496,AML-R07,Unusual Activity Spike,58,Medium,0,ACC-1293,2024-04-26 00:00:00,6507.19,1
1506,AML-R07,Unusual Activity Spike,58,Medium,0,ACC-1293,2024-04-26 02:56:12,216.63,0
3556,AML-R07,Unusual Activity Spike,58,Medium,0,ACC-1128,2024-05-30 05:20:41,318.22,0
3565,AML-R07,Unusual Activity Spike,58,Medium,0,ACC-1044,2024-05-30 08:00:00,9237.55,1
3566,AML-R07,Unusual Activity Spike,58,Medium,0,ACC-1182,2024-05-30 08:02:00,1787.02,1
3569,AML-R07,Unusual Activity Spike,58,Medium,0,ACC-1182,2024-05-30 08:47:00,1621.23,1
3571,AML-R07,Unusual Activity Spike,58,Medium,0,ACC-1182,2024-05-30 08:48:00,628.19,1
3572,AML-R07,Unusual Activity Spike,58,Medium,0,ACC-1182,2024-05-30 09:11:00,764.11,1
1525,AML-R07,Unusual Activity Spike,58,Medium,0,ACC-1271,2024-04-26 12:00:00,9657.12,1
3574,AML-R07,Unusual Activity Spike,58,Medium,0,ACC-1182,2024-05-30 09:51:00,1618.03,1
3575,AML-R07,Unusual Activity Spike,58,Medium,0,ACC-1182,2024-05-30 09:53:00,2283.19,1
3578,AML-R07,Unusual Activity Spike,58,Medium,0,ACC-1182,2024-05-30 10:53:00,1801.55,1
3581,AML-R07,Unusual Activity Spike,58,Medium,0,ACC-1182,2024-05-30 11:14:00,1420.68,1
3582,AML-R07,Unusual Activity Spike,58,Medium,0,ACC-1182,2024-05-30 11:40:00,1298.79,1
1535,AML-R07,Unusual Activity Spike,58,Medium,0,ACC-1271,2024-04-26 18:00:00,9684.44,1
3584,AML-R07,Unusual Activity Spike,58,Medium,0,ACC-1182,2024-05-30 11:50:00,2677.73,1
3585,AML-R07,Unusual Activity Spike,58,Medium,0,ACC-1182,2024-05-30 11:56:00,1280.26,1
3595,AML-R07,Unusual Activity Spike,58,Medium,0,ACC-1128,2024-05-30 17:00:00,12039.33,1
3599,AML-R07,Unusual Activity Spike,58,Medium,0,ACC-1128,2024-05-30 19:00:00,9140.42,1
3600,AML-R07,Unusual Activity Spike,58,Medium,0,ACC-1128,2024-05-30 19:00:00,11543.36,1
3606,AML-R07,Unusual Activity Spike,58,Medium,0,ACC-1000,2024-05-30 21:00:00,9671.64,1
1565,AML-R07,Unusual Activity Spike,58,Medium,0,ACC-1218,2024-04-27 07:00:00,9764.15,1
3618,AML-R07,Unusual Activity Spike,58,Medium,0,ACC-1000,2024-05-30 23:00:00,9329.72,1
3621,AML-R07,Unusual Activity Spike,58,Medium,0,ACC-1128,2024-05-31 00:00:00,9190.66,1
1574,AML-R07,Unusual Activity Spike,58,Medium,0,ACC-1218,2024-04-27 11:00:00,9615.3,1
3628,AML-R07,Unusual Activity Spike,58,Medium,0,ACC-1094,2024-05-31 01:00:00,3364.64,1
1585,AML-R07,Unusual Activity Spike,58,Medium,0,ACC-1218,2024-04-27 14:00:00,9682.41,1
3634,AML-R07,Unusual Activity Spike,58,Medium,0,ACC-1094,2024-05-31 03:00:00,3086.02,1
3639,AML-R07,Unusual Activity Spike,58,Medium,0,ACC-1128,2024-05-31 05:00:00,9469.82,1
3655,AML-R07,Unusual Activity Spike,58,Medium,0,ACC-1000,2024-05-31 12:00:00,9317.87,1
1616,AML-R07,Unusual Activity Spike,58,Medium,0,ACC-1037,2024-04-28 01:00:00,9062.71,1
3667,AML-R07,Unusual Activity Spike,58,Medium,0,ACC-1163,2024-05-31 16:00:00,8555.46,1
3680,AML-R07,Unusual Activity Spike,58,Medium,0,ACC-1128,2024-05-31 19:00:00,9144.99,1
1637,AML-R07,Unusual Activity Spike,58,Medium,0,ACC-1037,2024-04-28 08:00:00,9196.27,1
1638,AML-R07,Unusual Activity Spike,58,Medium,0,ACC-1148,2024-04-28 10:07:16,22000.0,1
3686,AML-R07,Unusual Activity Spike,58,Medium,0,ACC-1165,2024-05-31 20:41:33,35000.0,1
3687,AML-R07,Unusual Activity Spike,58,Medium,0,ACC-1163,2024-05-31 21:00:00,7916.59,1
3692,AML-R07,Unusual Activity Spike,58,Medium,0,ACC-1201,2024-06-01 00:00:00,4341.75,1
3693,AML-R07,Unusual Activity Spike,58,Medium,0,ACC-1000,2024-06-01 00:00:00,9332.86,1
3694,AML-R07,Unusual Activity Spike,58,Medium,0,ACC-1212,2024-06-01 00:00:00,10077.61,1
3696,AML-R07,Unusual Activity Spike,58,Medium,0,ACC-1201,2024-06-01 00:00:00,5162.21,1
3701,AML-R07,Unusual Activity Spike,58,Medium,0,ACC-1193,2024-06-01 02:00:00,9028.47,1
1655,AML-R07,Unusual Activity Spike,58,Medium,0,ACC-1198,2024-04-28 18:00:00,9135.87,1
3716,AML-R07,Unusual Activity Spike,58,Medium,0,ACC-1132,2024-06-01 10:02:26,161.52,0
1669,AML-R07,Unusual Activity Spike,58,Medium,0,ACC-1212,2024-04-29 00:00:00,19998.29,1
3719,AML-R07,Unusual Activity Spike,58,Medium,0,ACC-1132,2024-06-01 12:55:00,1363.04,1
3720,AML-R07,Unusual Activity Spike,58,Medium,0,ACC-1132,2024-06-01 12:58:00,2553.17,1
3721,AML-R07,Unusual Activity Spike,58,Medium,0,ACC-1132,2024-06-01 13:26:00,1790.9,1
3722,AML-R07,Unusual Activity Spike,58,Medium,0,ACC-1132,2024-06-01 13:27:00,1207.06,1
3723,AML-R07,Unusual Activity Spike,58,Medium,0,ACC-1132,2024-06-01 13:43:00,1690.24,1
3724,AML-R07,Unusual Activity Spike,58,Medium,0,ACC-1132,2024-06-01 13:53:00,1118.35,1
3727,AML-R07,Unusual Activity Spike,58,Medium,0,ACC-1132,2024-06-01 14:08:00,1902.58,1
1680,AML-R07,Unusual Activity Spike,58,Medium,0,ACC-1198,2024-04-29 04:00:00,9466.74,1
3728,AML-R07,Unusual Activity Spike,58,Medium,0,ACC-1132,2024-06-01 14:50:00,1094.21,1
1682,AML-R07,Unusual Activity Spike,58,Medium,0,ACC-1179,2024-04-29 04:53:11,16479.47,1
3729,AML-R07,Unusual Activity Spike,58,Medium,0,ACC-1132,2024-06-01 14:52:00,998.37,1
3731,AML-R07,Unusual Activity Spike,58,Medium,0,ACC-1193,2024-06-01 15:20:32,44.29,0
1685,AML-R07,Unusual Activity Spike,58,Medium,0,ACC-1037,2024-04-29 07:00:00,9133.09,1
1686,AML-R07,Unusual Activity Spike,58,Medium,0,ACC-1256,2024-04-29 07:02:55,35000.0,1
3747,AML-R07,Unusual Activity Spike,58,Medium,0,ACC-1087,2024-06-02 00:00:00,6942.67,1
3748,AML-R07,Unusual Activity Spike,58,Medium,0,ACC-1193,2024-06-02 00:00:00,9119.16,1
1707,AML-R07,Unusual Activity Spike,58,Medium,0,ACC-1220,2024-04-29 15:12:00,2608.87,1
1709,AML-R07,Unusual Activity Spike,58,Medium,0,ACC-1220,2024-04-29 15:18:00,1606.58,1
1710,AML-R07,Unusual Activity Spike,58,Medium,0,ACC-1220,2024-04-29 15:56:00,2433.66,1
1711,AML-R07,Unusual Activity Spike,58,Medium,0,ACC-1220,2024-04-29 16:38:00,1092.92,1
1712,AML-R07,Unusual Activity Spike,58,Medium,0,ACC-1220,2024-04-29 16:56:00,2846.74,1
1713,AML-R07,Unusual Activity Spike,58,Medium,0,ACC-1220,2024-04-29 17:23:00,1041.43,1
1714,AML-R07,Unusual Activity Spike,58,Medium,0,ACC-1220,2024-04-29 17:28:00,2555.37,1
1716,AML-R07,Unusual Activity Spike,58,Medium,0,ACC-1220,2024-04-29 17:37:00,1695.54,1
1717,AML-R07,Unusual Activity Spike,58,Medium,0,ACC-1220,2024-04-29 17:40:00,2943.94,1
3764,AML-R07,Unusual Activity Spike,58,Medium,0,ACC-1193,2024-06-02 07:00:00,9106.67,1
1719,AML-R07,Unusual Activity Spike,58,Medium,0,ACC-1220,2024-04-29 18:15:00,2923.08,1
1720,AML-R07,Unusual Activity Spike,58,Medium,0,ACC-1220,2024-04-29 18:22:00,957.59,1
1722,AML-R07,Unusual Activity Spike,58,Medium,0,ACC-1220,2024-04-29 18:46:00,1089.13,1
1733,AML-R07,Unusual Activity Spike,58,Medium,0,ACC-1037,2024-04-29 22:00:00,9241.88,1
3805,AML-R07,Unusual Activity Spike,58,Medium,0,ACC-1193,2024-06-03 04:00:00,9580.98,1
1759,AML-R07,Unusual Activity Spike,58,Medium,0,ACC-1036,2024-04-30 07:44:52,41000.0,1
3808,AML-R07,Unusual Activity Spike,58,Medium,0,ACC-1193,2024-06-03 05:00:00,9614.62,1
3815,AML-R07,Unusual Activity Spike,58,Medium,0,ACC-1004,2024-06-03 08:00:00,9051.99,1
3820,AML-R07,Unusual Activity Spike,58,Medium,0,ACC-1004,2024-06-03 10:00:00,9702.49,1
1775,AML-R07,Unusual Activity Spike,58,Medium,0,ACC-1198,2024-04-30 15:00:00,9212.6,1
3840,AML-R07,Unusual Activity Spike,58,Medium,0,ACC-1004,2024-06-03 20:00:00,9444.46,1
1840,AML-R07,Unusual Activity Spike,58,Medium,0,ACC-1259,2024-05-01 14:21:33,46875.14,1
3903,AML-R07,Unusual Activity Spike,58,Medium,0,ACC-1201,2024-06-05 00:00:00,6198.64,1
3908,AML-R07,Unusual Activity Spike,58,Medium,0,ACC-1160,2024-06-05 01:57:28,19000.0,1
1866,AML-R07,Unusual Activity Spike,58,Medium,0,ACC-1141,2024-05-02 00:00:00,14018.16,1
1867,AML-R07,Unusual Activity Spike,58,Medium,0,ACC-1203,2024-05-02 00:00:00,5508.8,1
1895,AML-R07,Unusual Activity Spike,58,Medium,0,ACC-1126,2024-05-02 11:10:26,29770.79,1
3969,AML-R07,Unusual Activity Spike,58,Medium,0,ACC-1141,2024-06-06 00:00:00,12461.46,1
3970,AML-R07,Unusual Activity Spike,58,Medium,0,ACC-1201,2024-06-06 00:00:00,4799.13,1
1929,AML-R07,Unusual Activity Spike,58,Medium,0,ACC-1203,2024-05-03 00:00:00,5580.66,1
4009,AML-R07,Unusual Activity Spike,58,Medium,0,ACC-1201,2024-06-06 16:05:11,235.17,0
4010,AML-R07,Unusual Activity Spike,58,Medium,0,ACC-1200,2024-06-06 16:29:08,17800.61,1
1964,AML-R07,Unusual Activity Spike,58,Medium,0,ACC-1068,2024-05-03 11:43:32,201.35,0
1988,AML-R07,Unusual Activity Spike,58,Medium,0,ACC-1068,2024-05-03 18:37:43,31000.0,1
1991,AML-R07,Unusual Activity Spike,58,Medium,0,ACC-1068,2024-05-03 19:36:32,217.93,0
2002,AML-R07,Unusual Activity Spike,58,Medium,0,ACC-1074,2024-05-04 00:00:00,6380.19,1
2003,AML-R07,Unusual Activity Spike,58,Medium,0,ACC-1203,2024-05-04 00:00:00,6564.47,1
2008,AML-R07,Unusual Activity Spike,58,Medium,0,ACC-1087,2024-05-04 02:00:24,18382.63,1
2023,AML-R07,Unusual Activity Spike,58,Medium,0,ACC-1244,2024-05-04 08:01:32,42559.59,1
2028,AML-R07,Unusual Activity Spike,58,Medium,0,ACC-1285,2024-05-04 09:45:44,23915.9,1
2038,AML-R07,Unusual Activity Spike,58,Medium,0,ACC-1098,2024-05-04 12:43:57,26000.0,1
3695,AML-R08,Dormant Account Reactivation,62,Medium,0,ACC-2002,2024-06-01 00:00:00,8421.74,1
2865,AML-R08,Dormant Account Reactivation,62,Medium,0,ACC-2004,2024-05-19 00:00:00,7391.96,1
2936,AML-R08,Dormant Account Reactivation,62,Medium,0,ACC-2005,2024-05-20 00:00:00,7223.95,1
2652,AML-R08,Dormant Account Reactivation,62,Medium,0,ACC-2003,2024-05-15 00:00:00,10499.22,1
3101,AML-R08,Dormant Account Reactivation,62,Medium,0,ACC-2000,2024-05-23 00:00:00,12445.9,1
3967,AML-R08,Dormant Account Reactivation,62,Medium,0,ACC-2001,2024-06-06 00:00:00,13727.88,1
1988,AML-R09,Round-Number Large Transactions,50,Medium,0,ACC-1068,2024-05-03 18:37:43,31000.0,1
3908,AML-R09,Round-Number Large Transactions,50,Medium,0,ACC-1160,2024-06-05 01:57:28,19000.0,1
1638,AML-R09,Round-Number Large Transactions,50,Medium,0,ACC-1148,2024-04-28 10:07:16,22000.0,1
3686,AML-R09,Round-Number Large Transactions,50,Medium,0,ACC-1165,2024-05-31 20:41:33,35000.0,1
2920,AML-R09,Round-Number Large Transactions,50,Medium,0,ACC-1159,2024-05-19 18:47:41,41000.0,1
3273,AML-R09,Round-Number Large Transactions,50,Medium,0,ACC-1122,2024-05-25 17:39:05,37000.0,1
3274,AML-R09,Round-Number Large Transactions,50,Medium,0,ACC-1258,2024-05-25 17:50:19,28000.0,1
4394,AML-R09,Round-Number Large Transactions,50,Medium,0,ACC-1223,2024-06-12 23:08:38,45000.0,1
4492,AML-R09,Round-Number Large Transactions,50,Medium,0,ACC-1273,2024-06-14 20:10:17,48000.0,1
1686,AML-R09,Round-Number Large Transactions,50,Medium,0,ACC-1256,2024-04-29 07:02:55,35000.0,1
2038,AML-R09,Round-Number Large Transactions,50,Medium,0,ACC-1098,2024-05-04 12:43:57,26000.0,1
4153,AML-R09,Round-Number Large Transactions,50,Medium,0,ACC-1143,2024-06-08 22:23:37,16000.0,1
795,AML-R09,Round-Number Large Transactions,50,Medium,0,ACC-1171,2024-04-13 21:42:15,38000.0,1
2622,AML-R09,Round-Number Large Transactions,50,Medium,0,ACC-1262,2024-05-14 11:32:28,27000.0,1
1759,AML-R09,Round-Number Large Transactions,50,Medium,0,ACC-1036,2024-04-30 07:44:52,41000.0,1
3968,AML-R10,Counterparty Concentration,72,High,1,ACC-1087,2024-06-06 00:00:00,4689.13,1
3970,AML-R10,Counterparty Concentration,72,High,1,ACC-1201,2024-06-06 00:00:00,4799.13,1
4098,AML-R10,Counterparty Concentration,72,High,1,ACC-1092,2024-06-08 00:00:00,5813.11,1
4099,AML-R10,Counterparty Concentration,72,High,1,ACC-1087,2024-06-08 00:00:00,6188.12,1
1800,AML-R10,Counterparty Concentration,72,High,1,ACC-1293,2024-05-01 00:00:00,4082.02,1
1929,AML-R10,Counterparty Concentration,72,High,1,ACC-1203,2024-05-03 00:00:00,5580.66,1
4362,AML-R10,Counterparty Concentration,72,High,1,ACC-1087,2024-06-12 10:36:37,38.7,0
4616,AML-R10,Counterparty Concentration,72,High,1,ACC-1087,2024-06-17 00:00:00,6368.19,1
1293,AML-R10,Counterparty Concentration,72,High,1,ACC-1074,2024-04-23 00:00:00,4127.59,1
2061,AML-R10,Counterparty Concentration,72,High,1,ACC-1293,2024-05-05 00:00:00,6894.63,1
3477,AML-R10,Counterparty Concentration,72,High,1,ACC-1267,2024-05-29 00:00:00,5965.44,1
4504,AML-R10,Counterparty Concentration,72,High,1,ACC-1092,2024-06-15 00:00:00,5176.83,1
4505,AML-R10,Counterparty Concentration,72,High,1,ACC-1087,2024-06-15 00:00:00,6049.95,1
5020,AML-R10,Counterparty Concentration,72,High,1,ACC-1091,2024-06-24 00:00:00,6438.87,1
3747,AML-R10,Counterparty Concentration,72,High,1,ACC-1087,2024-06-02 00:00:00,6942.67,1
5166,AML-R10,Counterparty Concentration,72,High,1,ACC-1091,2024-06-27 00:00:00,5701.97,1
5167,AML-R10,Counterparty Concentration,72,High,1,ACC-1092,2024-06-27 00:00:00,4160.17,1
2864,AML-R10,Counterparty Concentration,72,High,1,ACC-1267,2024-05-19 00:00:00,6884.4,1
2994,AML-R10,Counterparty Concentration,72,High,1,ACC-1267,2024-05-21 00:00:00,5654.68,1
4157,AML-R10,Counterparty Concentration,72,High,1,ACC-1087,2024-06-09 00:00:00,6588.94,1
4158,AML-R10,Counterparty Concentration,72,High,1,ACC-1091,2024-06-09 00:00:00,5928.94,1
3903,AML-R10,Counterparty Concentration,72,High,1,ACC-1201,2024-06-05 00:00:00,6198.64,1
4159,AML-R10,Counterparty Concentration,72,High,1,ACC-1091,2024-06-09 00:00:00,5085.03,1
1347,AML-R10,Counterparty Concentration,72,High,1,ACC-1074,2024-04-24 00:00:00,4830.16,1
3141,AML-R10,Counterparty Concentration,72,High,1,ACC-1074,2024-05-23 13:56:04,24223.27,1
1867,AML-R10,Counterparty Concentration,72,High,1,ACC-1203,2024-05-02 00:00:00,5508.8,1
4686,AML-R10,Counterparty Concentration,72,High,1,ACC-1091,2024-06-18 00:00:00,5297.55,1
2002,AML-R10,Counterparty Concentration,72,High,1,ACC-1074,2024-05-04 00:00:00,6380.19,1
2003,AML-R10,Counterparty Concentration,72,High,1,ACC-1203,2024-05-04 00:00:00,6564.47,1
2130,AML-R10,Counterparty Concentration,72,High,1,ACC-1293,2024-05-06 00:00:00,6734.0,1
1495,AML-R10,Counterparty Concentration,72,High,1,ACC-1203,2024-04-26 00:00:00,4542.37,1
1496,AML-R10,Counterparty Concentration,72,High,1,ACC-1293,2024-04-26 00:00:00,6507.19,1
1497,AML-R10,Counterparty Concentration,72,High,1,ACC-1074,2024-04-26 00:00:00,4027.37,1
3292,AML-R10,Counterparty Concentration,72,High,1,ACC-1267,2024-05-26 00:00:00,6724.26,1
3423,AML-R10,Counterparty Concentration,72,High,1,ACC-1267,2024-05-28 00:00:00,5602.52,1
2533,AML-R10,Counterparty Concentration,72,High,1,ACC-1074,2024-05-13 00:00:00,6330.58,1
2534,AML-R10,Counterparty Concentration,72,High,1,ACC-1293,2024-05-13 00:00:00,5426.92,1
4326,AML-R10,Counterparty Concentration,72,High,1,ACC-1201,2024-06-12 00:00:00,5734.53,1
3692,AML-R10,Counterparty Concentration,72,High,1,ACC-1201,2024-06-01 00:00:00,4341.75,1
3696,AML-R10,Counterparty Concentration,72,High,1,ACC-1201,2024-06-01 00:00:00,5162.21,1
5106,AML-R10,Counterparty Concentration,72,High,1,ACC-1293,2024-06-25 18:59:51,158.66,0
4855,AML-R10,Counterparty Concentration,72,High,1,ACC-1092,2024-06-21 00:00:00,6428.96,1
5116,AML-R10,Counterparty Concentration,72,High,1,ACC-1092,2024-06-26 00:00:00,6979.65,1
5117,AML-R10,Counterparty Concentration,72,High,1,ACC-1091,2024-06-26 00:00:00,5212.44,1
18,AML-R11,Sanctions / Watchlist Match,95,Critical,1,ACC-1212,2024-04-01 09:21:13,57.62,1
2072,AML-R11,Sanctions / Watchlist Match,95,Critical,1,ACC-1195,2024-05-05 03:23:05,21.89,1
1051,AML-R11,Sanctions / Watchlist Match,95,Critical,1,ACC-1212,2024-04-18 09:59:32,961.78,1
5150,AML-R11,Sanctions / Watchlist Match,95,Critical,1,ACC-1010,2024-06-26 17:57:31,996.07,1
4134,AML-R11,Sanctions / Watchlist Match,95,Critical,1,ACC-1091,2024-06-08 12:53:48,106.34,1
5159,AML-R11,Sanctions / Watchlist Match,95,Critical,1,ACC-1010,2024-06-26 21:26:31,125.41,1
2091,AML-R11,Sanctions / Watchlist Match,95,Critical,1,ACC-1212,2024-05-05 10:39:29,440.85,1
5166,AML-R11,Sanctions / Watchlist Match,95,Critical,1,ACC-1091,2024-06-27 00:00:00,5701.97,1
564,AML-R11,Sanctions / Watchlist Match,95,Critical,1,ACC-1091,2024-04-10 07:34:36,207.8,1
53,AML-R11,Sanctions / Watchlist Match,95,Critical,1,ACC-1091,2024-04-02 00:00:00,2975.11,1
1084,AML-R11,Sanctions / Watchlist Match,95,Critical,1,ACC-1010,2024-04-19 00:00:00,9013.29,1
1085,AML-R11,Sanctions / Watchlist Match,95,Critical,1,ACC-1195,2024-04-19 00:00:00,6589.5,1
4158,AML-R11,Sanctions / Watchlist Match,95,Critical,1,ACC-1091,2024-06-09 00:00:00,5928.94,1
3135,AML-R11,Sanctions / Watchlist Match,95,Critical,1,ACC-1195,2024-05-23 11:03:34,321.6,1
3647,AML-R11,Sanctions / Watchlist Match,95,Critical,1,ACC-1010,2024-05-31 07:10:49,130.2,1
3137,AML-R11,Sanctions / Watchlist Match,95,Critical,1,ACC-1141,2024-05-23 11:44:54,270.92,1
4159,AML-R11,Sanctions / Watchlist Match,95,Critical,1,ACC-1091,2024-06-09 00:00:00,5085.03,1
70,AML-R11,Sanctions / Watchlist Match,95,Critical,1,ACC-1141,2024-04-02 06:37:07,1747.83,1
4686,AML-R11,Sanctions / Watchlist Match,95,Critical,1,ACC-1091,2024-06-18 00:00:00,5297.55,1
596,AML-R11,Sanctions / Watchlist Match,95,Critical,1,ACC-1091,2024-04-10 20:22:30,202.44,1
598,AML-R11,Sanctions / Watchlist Match,95,Critical,1,ACC-1010,2024-04-10 21:26:16,180.46,1
3162,AML-R11,Sanctions / Watchlist Match,95,Critical,1,ACC-1010,2024-05-24 00:01:34,55.88,1
605,AML-R11,Sanctions / Watchlist Match,95,Critical,1,ACC-1091,2024-04-10 23:17:15,42.19,1
1119,AML-R11,Sanctions / Watchlist Match,95,Critical,1,ACC-1141,2024-04-19 13:56:52,35.27,1
1127,AML-R11,Sanctions / Watchlist Match,95,Critical,1,ACC-1010,2024-04-19 16:00:00,9669.33,1
3694,AML-R11,Sanctions / Watchlist Match,95,Critical,1,ACC-1212,2024-06-01 00:00:00,10077.61,1
4724,AML-R11,Sanctions / Watchlist Match,95,Critical,1,ACC-1141,2024-06-19 00:00:00,15758.17,1
4603,AML-R11,Sanctions / Watchlist Match,95,Critical,1,ACC-1212,2024-06-16 19:08:29,486.36,1
3704,AML-R11,Sanctions / Watchlist Match,95,Critical,1,ACC-1141,2024-06-01 02:40:03,24.04,1
4223,AML-R11,Sanctions / Watchlist Match,95,Critical,1,ACC-1141,2024-06-10 01:52:54,361.15,1
4224,AML-R11,Sanctions / Watchlist Match,95,Critical,1,ACC-1141,2024-06-10 01:58:57,54.84,1
1669,AML-R11,Sanctions / Watchlist Match,95,Critical,1,ACC-1212,2024-04-29 00:00:00,19998.29,1
2193,AML-R11,Sanctions / Watchlist Match,95,Critical,1,ACC-1195,2024-05-07 00:08:29,335.49,1
2707,AML-R11,Sanctions / Watchlist Match,95,Critical,1,ACC-1010,2024-05-16 09:05:25,568.0,1
2204,AML-R11,Sanctions / Watchlist Match,95,Critical,1,ACC-1195,2024-05-07 04:44:23,254.76,1
159,AML-R11,Sanctions / Watchlist Match,95,Critical,1,ACC-1010,2024-04-03 13:18:17,618.78,1
1189,AML-R11,Sanctions / Watchlist Match,95,Critical,1,ACC-1010,2024-04-20 23:00:00,9000.12,1
3749,AML-R11,Sanctions / Watchlist Match,95,Critical,1,ACC-1212,2024-06-02 00:23:11,134.32,1
1193,AML-R11,Sanctions / Watchlist Match,95,Critical,1,ACC-1010,2024-04-21 00:00:00,13681.38,1
1194,AML-R11,Sanctions / Watchlist Match,95,Critical,1,ACC-1091,2024-04-21 00:42:06,370.41,1
3756,AML-R11,Sanctions / Watchlist Match,95,Critical,1,ACC-1010,2024-06-02 03:26:30,427.75,1
4786,AML-R11,Sanctions / Watchlist Match,95,Critical,1,ACC-1010,2024-06-20 00:00:00,17288.74,1
182,AML-R11,Sanctions / Watchlist Match,95,Critical,1,ACC-1010,2024-04-04 00:00:00,13817.01,1
4790,AML-R11,Sanctions / Watchlist Match,95,Critical,1,ACC-1212,2024-06-20 01:23:15,1539.95,1
5304,AML-R11,Sanctions / Watchlist Match,95,Critical,1,ACC-1091,2024-06-29 08:19:04,222.74,1
2240,AML-R11,Sanctions / Watchlist Match,95,Critical,1,ACC-1010,2024-05-07 22:06:05,59.02,1
3778,AML-R11,Sanctions / Watchlist Match,95,Critical,1,ACC-1195,2024-06-02 14:14:09,179.99,1
3780,AML-R11,Sanctions / Watchlist Match,95,Critical,1,ACC-1212,2024-06-02 16:21:27,267.63,1
714,AML-R11,Sanctions / Watchlist Match,95,Critical,1,ACC-1212,2024-04-12 16:25:01,160.31,1
4298,AML-R11,Sanctions / Watchlist Match,95,Critical,1,ACC-1091,2024-06-11 10:52:09,577.7,1
4814,AML-R11,Sanctions / Watchlist Match,95,Critical,1,ACC-1010,2024-06-20 09:51:04,157.51,1
2767,AML-R11,Sanctions / Watchlist Match,95,Critical,1,ACC-1091,2024-05-17 08:06:46,184.8,1
2781,AML-R11,Sanctions / Watchlist Match,95,Critical,1,ACC-1212,2024-05-17 13:34:33,1108.91,1
4327,AML-R11,Sanctions / Watchlist Match,95,Critical,1,ACC-1141,2024-06-12 00:00:00,3266.26,1
1769,AML-R11,Sanctions / Watchlist Match,95,Critical,1,ACC-1010,2024-04-30 13:15:30,78.78,1
755,AML-R11,Sanctions / Watchlist Match,95,Critical,1,ACC-1010,2024-04-13 05:50:20,607.38,1
2291,AML-R11,Sanctions / Watchlist Match,95,Critical,1,ACC-1195,2024-05-09 00:40:26,121.01,1
2803,AML-R11,Sanctions / Watchlist Match,95,Critical,1,ACC-1091,2024-05-18 00:00:00,14978.54,1
2806,AML-R11,Sanctions / Watchlist Match,95,Critical,1,ACC-1091,2024-05-18 02:27:13,193.01,1
3832,AML-R11,Sanctions / Watchlist Match,95,Critical,1,ACC-1195,2024-06-03 15:54:13,41.23,1
2816,AML-R11,Sanctions / Watchlist Match,95,Critical,1,ACC-1195,2024-05-18 05:10:28,67.23,1
4878,AML-R11,Sanctions / Watchlist Match,95,Critical,1,ACC-1195,2024-06-21 09:53:20,225.52,1
4881,AML-R11,Sanctions / Watchlist Match,95,Critical,1,ACC-1010,2024-06-21 12:24:53,414.14,1
3350,AML-R11,Sanctions / Watchlist Match,95,Critical,1,ACC-1091,2024-05-27 00:00:00,11912.64,1
5399,AML-R11,Sanctions / Watchlist Match,95,Critical,1,ACC-1091,2024-06-30 23:41:44,350.15,1
792,AML-R11,Sanctions / Watchlist Match,95,Critical,1,ACC-1010,2024-04-13 20:30:22,43.42,1
4378,AML-R11,Sanctions / Watchlist Match,95,Critical,1,ACC-1212,2024-06-12 17:01:15,401.53,1
3868,AML-R11,Sanctions / Watchlist Match,95,Critical,1,ACC-1091,2024-06-04 07:14:10,226.48,1
2335,AML-R11,Sanctions / Watchlist Match,95,Critical,1,ACC-1010,2024-05-09 17:39:53,264.5,1
4388,AML-R11,Sanctions / Watchlist Match,95,Critical,1,ACC-1010,2024-06-12 21:33:00,766.23,1
4900,AML-R11,Sanctions / Watchlist Match,95,Critical,1,ACC-1212,2024-06-21 19:17:47,314.96,1
818,AML-R11,Sanctions / Watchlist Match,95,Critical,1,ACC-1141,2024-04-14 06:24:20,1331.11,1
3895,AML-R11,Sanctions / Watchlist Match,95,Critical,1,ACC-1141,2024-06-04 20:55:52,205.66,1
315,AML-R11,Sanctions / Watchlist Match,95,Critical,1,ACC-1091,2024-04-05 23:19:39,200.1,1
835,AML-R11,Sanctions / Watchlist Match,95,Critical,1,ACC-1010,2024-04-14 12:47:31,508.51,1
1862,AML-R11,Sanctions / Watchlist Match,95,Critical,1,ACC-1010,2024-05-01 23:30:57,735.37,1
839,AML-R11,Sanctions / Watchlist Match,95,Critical,1,ACC-1212,2024-04-14 16:24:12,150.99,1
840,AML-R11,Sanctions / Watchlist Match,95,Critical,1,ACC-1010,2024-04-14 16:32:13,211.87,1
3910,AML-R11,Sanctions / Watchlist Match,95,Critical,1,ACC-1212,2024-06-05 02:14:13,502.25,1
1866,AML-R11,Sanctions / Watchlist Match,95,Critical,1,ACC-1141,2024-05-02 00:00:00,14018.16,1
3911,AML-R11,Sanctions / Watchlist Match,95,Critical,1,ACC-1195,2024-06-05 02:38:11,234.65,1
845,AML-R11,Sanctions / Watchlist Match,95,Critical,1,ACC-1212,2024-04-14 20:09:10,40.02,1
2895,AML-R11,Sanctions / Watchlist Match,95,Critical,1,ACC-1212,2024-05-19 09:08:14,244.22,1
2902,AML-R11,Sanctions / Watchlist Match,95,Critical,1,ACC-1212,2024-05-19 12:11:28,337.26,1
4444,AML-R11,Sanctions / Watchlist Match,95,Critical,1,ACC-1195,2024-06-14 00:00:00,16591.23,1
4964,AML-R11,Sanctions / Watchlist Match,95,Critical,1,ACC-1195,2024-06-23 00:02:18,626.04,1
4456,AML-R11,Sanctions / Watchlist Match,95,Critical,1,ACC-1010,2024-06-14 06:23:46,467.97,1
4462,AML-R11,Sanctions / Watchlist Match,95,Critical,1,ACC-1195,2024-06-14 09:10:42,382.34,1
3953,AML-R11,Sanctions / Watchlist Match,95,Critical,1,ACC-1091,2024-06-05 18:49:40,580.07,1
4980,AML-R11,Sanctions / Watchlist Match,95,Critical,1,ACC-1141,2024-06-23 06:00:55,340.88,1
4981,AML-R11,Sanctions / Watchlist Match,95,Critical,1,ACC-1195,2024-06-23 06:26:54,101.53,1
384,AML-R11,Sanctions / Watchlist Match,95,Critical,1,ACC-1195,2024-04-07 04:17:55,761.49,1
3969,AML-R11,Sanctions / Watchlist Match,95,Critical,1,ACC-1141,2024-06-06 00:00:00,12461.46,1
3975,AML-R11,Sanctions / Watchlist Match,95,Critical,1,ACC-1091,2024-06-06 02:28:08,278.5,1
4494,AML-R11,Sanctions / Watchlist Match,95,Critical,1,ACC-1010,2024-06-14 20:46:45,176.02,1
913,AML-R11,Sanctions / Watchlist Match,95,Critical,1,ACC-1195,2024-04-15 15:01:55,26.03,1
4497,AML-R11,Sanctions / Watchlist Match,95,Critical,1,ACC-1091,2024-06-14 21:33:12,93.6,1
3478,AML-R11,Sanctions / Watchlist Match,95,Critical,1,ACC-1212,2024-05-29 00:00:00,19925.59,1
4506,AML-R11,Sanctions / Watchlist Match,95,Critical,1,ACC-1212,2024-06-15 00:00:00,10880.58,1
5020,AML-R11,Sanctions / Watchlist Match,95,Critical,1,ACC-1091,2024-06-24 00:00:00,6438.87,1
927,AML-R11,Sanctions / Watchlist Match,95,Critical,1,ACC-1195,2024-04-16 00:00:00,5915.09,1
928,AML-R11,Sanctions / Watchlist Match,95,Critical,1,ACC-1195,2024-04-16 00:00:00,5305.58,1
1445,AML-R11,Sanctions / Watchlist Match,95,Critical,1,ACC-1091,2024-04-25 08:28:25,103.63,1
427,AML-R11,Sanctions / Watchlist Match,95,Critical,1,ACC-1195,2024-04-07 20:25:11,49.5,1
1968,AML-R11,Sanctions / Watchlist Match,95,Critical,1,ACC-1010,2024-05-03 13:17:09,407.41,1
4016,AML-R11,Sanctions / Watchlist Match,95,Critical,1,ACC-1010,2024-06-06 18:02:40,1047.38,1
2484,AML-R11,Sanctions / Watchlist Match,95,Critical,1,ACC-1091,2024-05-12 05:58:35,351.78,1
437,AML-R11,Sanctions / Watchlist Match,95,Critical,1,ACC-1141,2024-04-08 02:33:52,159.61,1
3510,AML-R11,Sanctions / Watchlist Match,95,Critical,1,ACC-1010,2024-05-29 11:00:26,100.06,1
4020,AML-R11,Sanctions / Watchlist Match,95,Critical,1,ACC-1010,2024-06-06 20:00:11,340.34,1
5047,AML-R11,Sanctions / Watchlist Match,95,Critical,1,ACC-1212,2024-06-24 13:51:53,304.51,1
2502,AML-R11,Sanctions / Watchlist Match,95,Critical,1,ACC-1010,2024-05-12 10:48:09,280.52,1
967,AML-R11,Sanctions / Watchlist Match,95,Critical,1,ACC-1010,2024-04-16 17:34:32,740.76,1
3526,AML-R11,Sanctions / Watchlist Match,95,Critical,1,ACC-1195,2024-05-29 15:49:04,3286.81,1
1993,AML-R11,Sanctions / Watchlist Match,95,Critical,1,ACC-1195,2024-05-03 21:40:07,71.75,1
464,AML-R11,Sanctions / Watchlist Match,95,Critical,1,ACC-1141,2024-04-08 14:35:38,143.27,1
2011,AML-R11,Sanctions / Watchlist Match,95,Critical,1,ACC-1141,2024-05-04 03:30:48,239.68,1
5096,AML-R11,Sanctions / Watchlist Match,95,Critical,1,ACC-1010,2024-06-25 11:43:47,1535.94,1
4597,AML-R11,Sanctions / Watchlist Match,95,Critical,1,ACC-1010,2024-06-16 16:35:33,76.34,1
2555,AML-R11,Sanctions / Watchlist Match,95,Critical,1,ACC-1212,2024-05-13 06:19:20,1663.11,1
5117,AML-R11,Sanctions / Watchlist Match,95,Critical,1,ACC-1091,2024-06-26 00:00:00,5212.44,1
