Case_Key,Transaction_ID,From_Account,Timestamp,Risk_Score,Severity,Amount_Paid,Is_Laundering,Case_Priority,SLA_Days,Analyst_ID,Open_Date,Status,STR_Submitted_Flag,Close_Date,Closure_Reason,Investigation_Days,SLA_Breached
1,5117,ACC-1091,2024-06-26 00:00:00,95,Critical,5212.44,1,Critical,5,AN-021,2024-06-26,Escalated,0,,,19.0,1
2,2555,ACC-1212,2024-05-13 06:19:20,95,Critical,1663.11,1,Critical,5,AN-011,2024-05-13,STR Submitted,1,,,63.0,1
3,4597,ACC-1010,2024-06-16 16:35:33,95,Critical,76.34,1,Critical,5,AN-014,2024-06-16,Escalated,0,,,29.0,1
4,5096,ACC-1010,2024-06-25 11:43:47,95,Critical,1535.94,1,Critical,5,AN-021,2024-06-25,Closed,1,2024-06-26,STR filed with FINTRAC (synthetic),1.0,0
5,2011,ACC-1141,2024-05-04 03:30:48,95,Critical,239.68,1,Critical,5,AN-011,2024-05-04,Closed,1,2024-05-05,STR filed with FINTRAC (synthetic),1.0,0
6,464,ACC-1141,2024-04-08 14:35:38,95,Critical,143.27,1,Critical,5,AN-014,2024-04-08,Closed,1,2024-04-12,STR filed with FINTRAC (synthetic),4.0,0
7,1993,ACC-1195,2024-05-03 21:40:07,95,Critical,71.75,1,Critical,5,AN-021,2024-05-03,Closed,1,2024-05-05,STR filed with FINTRAC (synthetic),2.0,0
8,3478,ACC-1212,2024-05-29 00:00:00,95,Critical,19925.59,1,Critical,5,AN-003,2024-05-29,STR Submitted,1,,,47.0,1
9,4497,ACC-1091,2024-06-14 21:33:12,95,Critical,93.6,1,Critical,5,AN-001,2024-06-14,Closed,1,2024-06-16,STR filed with FINTRAC (synthetic),2.0,0
10,913,ACC-1195,2024-04-15 15:01:55,95,Critical,26.03,1,Critical,5,AN-003,2024-04-15,Closed,1,2024-04-18,STR filed with FINTRAC (synthetic),3.0,0
11,4494,ACC-1010,2024-06-14 20:46:45,95,Critical,176.02,1,Critical,5,AN-003,2024-06-14,Closed,0,2024-06-15,No suspicious activity confirmed (false positive),1.0,0
12,3975,ACC-1091,2024-06-06 02:28:08,95,Critical,278.5,1,Critical,5,AN-021,2024-06-06,Closed,1,2024-06-09,STR filed with FINTRAC (synthetic),3.0,0
13,3969,ACC-1141,2024-06-06 00:00:00,95,Critical,12461.46,1,Critical,5,AN-021,2024-06-06,STR Submitted,1,,,39.0,1
14,384,ACC-1195,2024-04-07 04:17:55,95,Critical,761.49,1,Critical,5,AN-001,2024-04-07,Escalated,0,,,99.0,1
15,4981,ACC-1195,2024-06-23 06:26:54,95,Critical,101.53,1,Critical,5,AN-007,2024-06-23,Closed,0,2024-06-25,Insufficient evidence — monitor,2.0,0
16,4980,ACC-1141,2024-06-23 06:00:55,95,Critical,340.88,1,Critical,5,AN-014,2024-06-23,Closed,1,2024-06-27,STR filed with FINTRAC (synthetic),4.0,0
17,3953,ACC-1091,2024-06-05 18:49:40,95,Critical,580.07,1,Critical,5,AN-001,2024-06-05,Closed,1,2024-06-08,STR filed with FINTRAC (synthetic),3.0,0
18,4462,ACC-1195,2024-06-14 09:10:42,95,Critical,382.34,1,Critical,5,AN-014,2024-06-14,Under Review,0,,,31.0,1
19,4456,ACC-1010,2024-06-14 06:23:46,95,Critical,467.97,1,Critical,5,AN-001,2024-06-14,Escalated,0,,,31.0,1
20,4964,ACC-1195,2024-06-23 00:02:18,95,Critical,626.04,1,Critical,5,AN-007,2024-06-23,Closed,1,2024-06-26,STR filed with FINTRAC (synthetic),3.0,0
21,4444,ACC-1195,2024-06-14 00:00:00,95,Critical,16591.23,1,Critical,5,AN-014,2024-06-14,Closed,1,2024-06-16,STR filed with FINTRAC (synthetic),2.0,0
22,2902,ACC-1212,2024-05-19 12:11:28,95,Critical,337.26,1,Critical,5,AN-003,2024-05-19,Closed,1,2024-05-21,STR filed with FINTRAC (synthetic),2.0,0
23,2895,ACC-1212,2024-05-19 09:08:14,95,Critical,244.22,1,Critical,5,AN-007,2024-05-19,Under Review,0,,,57.0,1
24,845,ACC-1212,2024-04-14 20:09:10,95,Critical,40.02,1,Critical,5,AN-003,2024-04-14,Closed,1,2024-04-18,STR filed with FINTRAC (synthetic),4.0,0
25,3911,ACC-1195,2024-06-05 02:38:11,95,Critical,234.65,1,Critical,5,AN-014,2024-06-05,Escalated,0,,,40.0,1
26,1866,ACC-1141,2024-05-02 00:00:00,95,Critical,14018.16,1,Critical,5,AN-003,2024-05-02,Closed,1,2024-05-07,STR filed with FINTRAC (synthetic),5.0,0
27,3910,ACC-1212,2024-06-05 02:14:13,95,Critical,502.25,1,Critical,5,AN-021,2024-06-05,Escalated,0,,,40.0,1
28,840,ACC-1010,2024-04-14 16:32:13,95,Critical,211.87,1,Critical,5,AN-007,2024-04-14,Closed,1,2024-04-17,STR filed with FINTRAC (synthetic),3.0,0
29,839,ACC-1212,2024-04-14 16:24:12,95,Critical,150.99,1,Critical,5,AN-007,2024-04-14,STR Submitted,1,,,92.0,1
30,1862,ACC-1010,2024-05-01 23:30:57,95,Critical,735.37,1,Critical,5,AN-011,2024-05-01,STR Submitted,1,,,75.0,1
31,835,ACC-1010,2024-04-14 12:47:31,95,Critical,508.51,1,Critical,5,AN-011,2024-04-14,Closed,1,2024-04-17,STR filed with FINTRAC (synthetic),3.0,0
32,315,ACC-1091,2024-04-05 23:19:39,95,Critical,200.1,1,Critical,5,AN-011,2024-04-05,Closed,0,2024-04-06,Insufficient evidence — monitor,1.0,0
33,3895,ACC-1141,2024-06-04 20:55:52,95,Critical,205.66,1,Critical,5,AN-011,2024-06-04,Escalated,0,,,41.0,1
34,818,ACC-1141,2024-04-14 06:24:20,95,Critical,1331.11,1,Critical,5,AN-021,2024-04-14,Closed,1,2024-04-19,STR filed with FINTRAC (synthetic),5.0,0
35,4900,ACC-1212,2024-06-21 19:17:47,95,Critical,314.96,1,Critical,5,AN-014,2024-06-21,New,0,,,24.0,1
36,4388,ACC-1010,2024-06-12 21:33:00,95,Critical,766.23,1,Critical,5,AN-014,2024-06-12,Escalated,0,,,33.0,1
37,2335,ACC-1010,2024-05-09 17:39:53,95,Critical,264.5,1,Critical,5,AN-014,2024-05-09,Closed,1,2024-05-11,STR filed with FINTRAC (synthetic),2.0,0
38,3868,ACC-1091,2024-06-04 07:14:10,95,Critical,226.48,1,Critical,5,AN-011,2024-06-04,Closed,0,2024-06-05,Insufficient evidence — monitor,1.0,0
39,4378,ACC-1212,2024-06-12 17:01:15,95,Critical,401.53,1,Critical,5,AN-007,2024-06-12,STR Submitted,1,,,33.0,1
40,792,ACC-1010,2024-04-13 20:30:22,95,Critical,43.42,1,Critical,5,AN-021,2024-04-13,New,0,,,93.0,1
41,5399,ACC-1091,2024-06-30 23:41:44,95,Critical,350.15,1,Critical,5,AN-007,2024-06-30,Closed,1,2024-07-01,STR filed with FINTRAC (synthetic),1.0,0
42,3350,ACC-1091,2024-05-27 00:00:00,95,Critical,11912.64,1,Critical,5,AN-003,2024-05-27,STR Submitted,1,,,49.0,1
43,4881,ACC-1010,2024-06-21 12:24:53,95,Critical,414.14,1,Critical,5,AN-021,2024-06-21,Closed,0,2024-06-23,Insufficient evidence — monitor,2.0,0
44,4878,ACC-1195,2024-06-21 09:53:20,95,Critical,225.52,1,Critical,5,AN-001,2024-06-21,Closed,1,2024-06-22,STR filed with FINTRAC (synthetic),1.0,0
45,2816,ACC-1195,2024-05-18 05:10:28,95,Critical,67.23,1,Critical,5,AN-021,2024-05-18,Closed,1,2024-05-19,STR filed with FINTRAC (synthetic),1.0,0
46,3832,ACC-1195,2024-06-03 15:54:13,95,Critical,41.23,1,Critical,5,AN-011,2024-06-03,Under Review,0,,,42.0,1
47,2806,ACC-1091,2024-05-18 02:27:13,95,Critical,193.01,1,Critical,5,AN-001,2024-05-18,Closed,1,2024-05-20,STR filed with FINTRAC (synthetic),2.0,0
48,2803,ACC-1091,2024-05-18 00:00:00,95,Critical,14978.54,1,Critical,5,AN-001,2024-05-18,STR Submitted,1,,,58.0,1
49,2291,ACC-1195,2024-05-09 00:40:26,95,Critical,121.01,1,Critical,5,AN-007,2024-05-09,Closed,1,2024-05-11,STR filed with FINTRAC (synthetic),2.0,0
50,755,ACC-1010,2024-04-13 05:50:20,95,Critical,607.38,1,Critical,5,AN-001,2024-04-13,Closed,1,2024-04-15,STR filed with FINTRAC (synthetic),2.0,0
51,1769,ACC-1010,2024-04-30 13:15:30,95,Critical,78.78,1,Critical,5,AN-001,2024-04-30,STR Submitted,1,,,76.0,1
52,4327,ACC-1141,2024-06-12 00:00:00,95,Critical,3266.26,1,Critical,5,AN-011,2024-06-12,Closed,1,2024-06-14,STR filed with FINTRAC (synthetic),2.0,0
53,2781,ACC-1212,2024-05-17 13:34:33,95,Critical,1108.91,1,Critical,5,AN-021,2024-05-17,Escalated,0,,,59.0,1
54,2767,ACC-1091,2024-05-17 08:06:46,95,Critical,184.8,1,Critical,5,AN-007,2024-05-17,Closed,1,2024-05-20,STR filed with FINTRAC (synthetic),3.0,0
55,4814,ACC-1010,2024-06-20 09:51:04,95,Critical,157.51,1,Critical,5,AN-014,2024-06-20,Closed,1,2024-06-21,STR filed with FINTRAC (synthetic),1.0,0
56,4298,ACC-1091,2024-06-11 10:52:09,95,Critical,577.7,1,Critical,5,AN-021,2024-06-11,Closed,1,2024-06-15,STR filed with FINTRAC (synthetic),4.0,0
57,714,ACC-1212,2024-04-12 16:25:01,95,Critical,160.31,1,Critical,5,AN-014,2024-04-12,Closed,1,2024-04-17,STR filed with FINTRAC (synthetic),5.0,0
58,3780,ACC-1212,2024-06-02 16:21:27,95,Critical,267.63,1,Critical,5,AN-011,2024-06-02,Closed,1,2024-06-03,STR filed with FINTRAC (synthetic),1.0,0
59,3778,ACC-1195,2024-06-02 14:14:09,95,Critical,179.99,1,Critical,5,AN-007,2024-06-02,Escalated,0,,,43.0,1
60,2240,ACC-1010,2024-05-07 22:06:05,95,Critical,59.02,1,Critical,5,AN-011,2024-05-07,Closed,1,2024-05-09,STR filed with FINTRAC (synthetic),2.0,0
61,5304,ACC-1091,2024-06-29 08:19:04,95,Critical,222.74,1,Critical,5,AN-003,2024-06-29,Under Review,0,,,16.0,1
62,4790,ACC-1212,2024-06-20 01:23:15,95,Critical,1539.95,1,Critical,5,AN-007,2024-06-20,Closed,1,2024-06-24,STR filed with FINTRAC (synthetic),4.0,0
63,182,ACC-1010,2024-04-04 00:00:00,95,Critical,13817.01,1,Critical,5,AN-007,2024-04-04,Closed,1,2024-04-05,STR filed with FINTRAC (synthetic),1.0,0
64,4786,ACC-1010,2024-06-20 00:00:00,95,Critical,17288.74,1,Critical,5,AN-003,2024-06-20,Closed,1,2024-06-25,STR filed with FINTRAC (synthetic),5.0,0
65,3756,ACC-1010,2024-06-02 03:26:30,95,Critical,427.75,1,Critical,5,AN-021,2024-06-02,Under Review,0,,,43.0,1
66,1194,ACC-1091,2024-04-21 00:42:06,95,Critical,370.41,1,Critical,5,AN-001,2024-04-21,New,0,,,85.0,1
67,1193,ACC-1010,2024-04-21 00:00:00,95,Critical,13681.38,1,Critical,5,AN-001,2024-04-21,Under Review,0,,,85.0,1
68,3749,ACC-1212,2024-06-02 00:23:11,95,Critical,134.32,1,Critical,5,AN-003,2024-06-02,Closed,0,2024-06-07,No suspicious activity confirmed (false positive),5.0,0
69,1189,ACC-1010,2024-04-20 23:00:00,95,Critical,9000.12,1,Critical,5,AN-021,2024-04-20,Closed,1,2024-04-22,STR filed with FINTRAC (synthetic),2.0,0
70,159,ACC-1010,2024-04-03 13:18:17,95,Critical,618.78,1,Critical,5,AN-014,2024-04-03,STR Submitted,1,,,103.0,1
71,2204,ACC-1195,2024-05-07 04:44:23,95,Critical,254.76,1,Critical,5,AN-021,2024-05-07,Escalated,0,,,69.0,1
72,2707,ACC-1010,2024-05-16 09:05:25,95,Critical,568.0,1,Critical,5,AN-003,2024-05-16,Closed,1,2024-05-17,STR filed with FINTRAC (synthetic),1.0,0
73,2193,ACC-1195,2024-05-07 00:08:29,95,Critical,335.49,1,Critical,5,AN-014,2024-05-07,STR Submitted,1,,,69.0,1
74,1669,ACC-1212,2024-04-29 00:00:00,95,Critical,19998.29,1,Critical,5,AN-007,2024-04-29,Under Review,0,,,77.0,1
75,4224,ACC-1141,2024-06-10 01:58:57,95,Critical,54.84,1,Critical,5,AN-007,2024-06-10,Closed,1,2024-06-15,STR filed with FINTRAC (synthetic),5.0,0
76,4223,ACC-1141,2024-06-10 01:52:54,95,Critical,361.15,1,Critical,5,AN-001,2024-06-10,Closed,1,2024-06-11,STR filed with FINTRAC (synthetic),1.0,0
77,3704,ACC-1141,2024-06-01 02:40:03,95,Critical,24.04,1,Critical,5,AN-011,2024-06-01,STR Submitted,1,,,44.0,1
78,4603,ACC-1212,2024-06-16 19:08:29,95,Critical,486.36,1,Critical,5,AN-014,2024-06-16,Escalated,0,,,29.0,1
79,4724,ACC-1141,2024-06-19 00:00:00,95,Critical,15758.17,1,Critical,5,AN-011,2024-06-19,Under Review,0,,,26.0,1
80,3694,ACC-1212,2024-06-01 00:00:00,95,Critical,10077.61,1,Critical,5,AN-001,2024-06-01,Escalated,0,,,44.0,1
81,1127,ACC-1010,2024-04-19 16:00:00,95,Critical,9669.33,1,Critical,5,AN-011,2024-04-19,Under Review,0,,,87.0,1
82,1119,ACC-1141,2024-04-19 13:56:52,95,Critical,35.27,1,Critical,5,AN-003,2024-04-19,STR Submitted,1,,,87.0,1
83,605,ACC-1091,2024-04-10 23:17:15,95,Critical,42.19,1,Critical,5,AN-021,2024-04-10,Closed,1,2024-04-12,STR filed with FINTRAC (synthetic),2.0,0
84,3162,ACC-1010,2024-05-24 00:01:34,95,Critical,55.88,1,Critical,5,AN-021,2024-05-24,Under Review,0,,,52.0,1
85,598,ACC-1010,2024-04-10 21:26:16,95,Critical,180.46,1,Critical,5,AN-003,2024-04-10,Escalated,0,,,96.0,1
86,596,ACC-1091,2024-04-10 20:22:30,95,Critical,202.44,1,Critical,5,AN-011,2024-04-10,Closed,1,2024-04-11,STR filed with FINTRAC (synthetic),1.0,0
87,4686,ACC-1091,2024-06-18 00:00:00,95,Critical,5297.55,1,Critical,5,AN-021,2024-06-18,Closed,1,2024-06-20,STR filed with FINTRAC (synthetic),2.0,0
88,1084,ACC-1010,2024-04-19 00:00:00,95,Critical,9013.29,1,Critical,5,AN-021,2024-04-19,Closed,1,2024-04-21,STR filed with FINTRAC (synthetic),2.0,0
89,1085,ACC-1195,2024-04-19 00:00:00,95,Critical,6589.5,1,Critical,5,AN-014,2024-04-19,STR Submitted,1,,,87.0,1
90,4158,ACC-1091,2024-06-09 00:00:00,95,Critical,5928.94,1,Critical,5,AN-011,2024-06-09,Closed,1,2024-06-14,STR filed with FINTRAC (synthetic),5.0,0
91,3135,ACC-1195,2024-05-23 11:03:34,95,Critical,321.6,1,Critical,5,AN-001,2024-05-23,STR Submitted,1,,,53.0,1
92,70,ACC-1141,2024-04-02 06:37:07,95,Critical,1747.83,1,Critical,5,AN-014,2024-04-02,Escalated,0,,,104.0,1
93,4159,ACC-1091,2024-06-09 00:00:00,95,Critical,5085.03,1,Critical,5,AN-007,2024-06-09,Under Review,0,,,36.0,1
94,5020,ACC-1091,2024-06-24 00:00:00,95,Critical,6438.87,1,Critical,5,AN-001,2024-06-24,Under Review,0,,,21.0,1
95,4506,ACC-1212,2024-06-15 00:00:00,95,Critical,10880.58,1,Critical,5,AN-003,2024-06-15,Closed,1,2024-06-17,STR filed with FINTRAC (synthetic),2.0,0
96,927,ACC-1195,2024-04-16 00:00:00,95,Critical,5915.09,1,Critical,5,AN-011,2024-04-16,Escalated,0,,,90.0,1
97,928,ACC-1195,2024-04-16 00:00:00,95,Critical,5305.58,1,Critical,5,AN-014,2024-04-16,Closed,1,2024-04-21,STR filed with FINTRAC (synthetic),5.0,0
98,1445,ACC-1091,2024-04-25 08:28:25,95,Critical,103.63,1,Critical,5,AN-011,2024-04-25,Escalated,0,,,81.0,1
99,427,ACC-1195,2024-04-07 20:25:11,95,Critical,49.5,1,Critical,5,AN-011,2024-04-07,Escalated,0,,,99.0,1
100,1968,ACC-1010,2024-05-03 13:17:09,95,Critical,407.41,1,Critical,5,AN-021,2024-05-03,Closed,1,2024-05-06,STR filed with FINTRAC (synthetic),3.0,0
101,4016,ACC-1010,2024-06-06 18:02:40,95,Critical,1047.38,1,Critical,5,AN-014,2024-06-06,New,0,,,39.0,1
102,2484,ACC-1091,2024-05-12 05:58:35,95,Critical,351.78,1,Critical,5,AN-007,2024-05-12,Closed,1,2024-05-13,STR filed with FINTRAC (synthetic),1.0,0
103,437,ACC-1141,2024-04-08 02:33:52,95,Critical,159.61,1,Critical,5,AN-011,2024-04-08,STR Submitted,1,,,98.0,1
104,3510,ACC-1010,2024-05-29 11:00:26,95,Critical,100.06,1,Critical,5,AN-011,2024-05-29,Closed,1,2024-05-30,STR filed with FINTRAC (synthetic),1.0,0
105,4020,ACC-1010,2024-06-06 20:00:11,95,Critical,340.34,1,Critical,5,AN-001,2024-06-06,Escalated,0,,,39.0,1
106,5047,ACC-1212,2024-06-24 13:51:53,95,Critical,304.51,1,Critical,5,AN-001,2024-06-24,New,0,,,21.0,1
107,2502,ACC-1010,2024-05-12 10:48:09,95,Critical,280.52,1,Critical,5,AN-011,2024-05-12,Closed,1,2024-05-17,STR filed with FINTRAC (synthetic),5.0,0
108,967,ACC-1010,2024-04-16 17:34:32,95,Critical,740.76,1,Critical,5,AN-007,2024-04-16,Closed,1,2024-04-20,STR filed with FINTRAC (synthetic),4.0,0
109,3526,ACC-1195,2024-05-29 15:49:04,95,Critical,3286.81,1,Critical,5,AN-011,2024-05-29,STR Submitted,1,,,47.0,1
110,18,ACC-1212,2024-04-01 09:21:13,95,Critical,57.62,1,Critical,5,AN-003,2024-04-01,Closed,1,2024-04-02,STR filed with FINTRAC (synthetic),1.0,0
111,2072,ACC-1195,2024-05-05 03:23:05,95,Critical,21.89,1,Critical,5,AN-003,2024-05-05,Closed,1,2024-05-07,STR filed with FINTRAC (synthetic),2.0,0
112,1051,ACC-1212,2024-04-18 09:59:32,95,Critical,961.78,1,Critical,5,AN-001,2024-04-18,New,0,,,88.0,1
113,5150,ACC-1010,2024-06-26 17:57:31,95,Critical,996.07,1,Critical,5,AN-007,2024-06-26,Closed,1,2024-06-29,STR filed with FINTRAC (synthetic),3.0,0
114,4134,ACC-1091,2024-06-08 12:53:48,95,Critical,106.34,1,Critical,5,AN-014,2024-06-08,New,0,,,37.0,1
115,5159,ACC-1010,2024-06-26 21:26:31,95,Critical,125.41,1,Critical,5,AN-007,2024-06-26,Escalated,0,,,19.0,1
116,2091,ACC-1212,2024-05-05 10:39:29,95,Critical,440.85,1,Critical,5,AN-007,2024-05-05,Closed,1,2024-05-06,STR filed with FINTRAC (synthetic),1.0,0
117,5166,ACC-1091,2024-06-27 00:00:00,95,Critical,5701.97,1,Critical,5,AN-011,2024-06-27,Closed,1,2024-06-29,STR filed with FINTRAC (synthetic),2.0,0
118,564,ACC-1091,2024-04-10 07:34:36,95,Critical,207.8,1,Critical,5,AN-021,2024-04-10,Closed,1,2024-04-13,STR filed with FINTRAC (synthetic),3.0,0
119,53,ACC-1091,2024-04-02 00:00:00,95,Critical,2975.11,1,Critical,5,AN-007,2024-04-02,STR Submitted,1,,,104.0,1
120,3647,ACC-1010,2024-05-31 07:10:49,95,Critical,130.2,1,Critical,5,AN-011,2024-05-31,Closed,1,2024-06-01,STR filed with FINTRAC (synthetic),1.0,0
121,3137,ACC-1141,2024-05-23 11:44:54,95,Critical,270.92,1,Critical,5,AN-007,2024-05-23,Closed,1,2024-05-26,STR filed with FINTRAC (synthetic),3.0,0
122,162,ACC-1026,2024-04-03 15:00:00,80,High,9485.39,1,High,10,AN-011,2024-04-03,STR Submitted,1,,,103.0,1
123,3331,ACC-1162,2024-05-26 16:00:00,80,High,9355.39,1,High,10,AN-007,2024-05-26,Closed,1,2024-06-05,STR filed with FINTRAC (synthetic),10.0,0
124,3840,ACC-1004,2024-06-03 20:00:00,80,High,9444.46,1,High,10,AN-011,2024-06-03,Closed,0,2024-06-13,No suspicious activity confirmed (false positive),10.0,0
125,2642,ACC-1022,2024-05-14 20:00:00,80,High,9394.29,1,High,10,AN-011,2024-05-14,STR Submitted,1,,,62.0,1
126,851,ACC-1046,2024-04-14 22:00:00,80,High,9425.46,1,High,10,AN-014,2024-04-14,Closed,1,2024-04-24,STR filed with FINTRAC (synthetic),10.0,0
127,341,ACC-1011,2024-04-06 11:00:00,80,High,9232.39,1,High,10,AN-021,2024-04-06,STR Submitted,1,,,100.0,1
128,342,ACC-1238,2024-04-06 12:00:00,80,High,9877.21,1,High,10,AN-001,2024-04-06,STR Submitted,1,,,100.0,1
129,2981,ACC-1079,2024-05-20 19:00:00,80,High,9011.69,1,High,10,AN-011,2024-05-20,Closed,1,2024-05-27,STR filed with FINTRAC (synthetic),7.0,0
130,39,ACC-1026,2024-04-01 19:00:00,80,High,9670.94,1,High,10,AN-007,2024-04-01,New,0,,,105.0,1
131,1064,ACC-1056,2024-04-18 15:00:00,80,High,9624.88,1,High,10,AN-007,2024-04-18,Closed,1,2024-04-28,STR filed with FINTRAC (synthetic),10.0,0
132,3621,ACC-1128,2024-05-31 00:00:00,80,High,9190.66,1,High,10,AN-003,2024-05-31,Closed,1,2024-06-05,STR filed with FINTRAC (synthetic),5.0,0
133,1574,ACC-1218,2024-04-27 11:00:00,80,High,9615.3,1,High,10,AN-001,2024-04-27,New,0,,,79.0,1
134,2347,ACC-1237,2024-05-09 21:00:00,80,High,9711.75,1,High,10,AN-007,2024-05-09,New,0,,,67.0,1
135,4265,ACC-1252,2024-06-10 23:00:00,80,High,9325.28,1,High,10,AN-014,2024-06-10,New,0,,,35.0,1
136,1585,ACC-1218,2024-04-27 14:00:00,80,High,9682.41,1,High,10,AN-001,2024-04-27,Closed,1,2024-05-06,STR filed with FINTRAC (synthetic),9.0,0
137,2354,ACC-1237,2024-05-09 23:00:00,80,High,9284.88,1,High,10,AN-007,2024-05-09,STR Submitted,1,,,67.0,1
138,3764,ACC-1193,2024-06-02 07:00:00,80,High,9106.67,1,High,10,AN-021,2024-06-02,Under Review,0,,,43.0,1
139,3639,ACC-1128,2024-05-31 05:00:00,80,High,9469.82,1,High,10,AN-021,2024-05-31,Closed,1,2024-06-09,STR filed with FINTRAC (synthetic),9.0,0
140,2359,ACC-1229,2024-05-10 01:00:00,80,High,9299.82,1,High,10,AN-003,2024-05-10,STR Submitted,1,,,66.0,1
141,1209,ACC-1168,2024-04-21 08:00:00,80,High,9006.84,1,High,10,AN-001,2024-04-21,Closed,1,2024-04-26,STR filed with FINTRAC (synthetic),5.0,0
142,60,ACC-1026,2024-04-02 04:00:00,80,High,9403.35,1,High,10,AN-014,2024-04-02,Closed,1,2024-04-13,STR filed with FINTRAC (synthetic),11.0,1
143,3006,ACC-1079,2024-05-21 03:00:00,80,High,9216.73,1,High,10,AN-001,2024-05-21,Under Review,0,,,55.0,1
144,3008,ACC-1079,2024-05-21 04:00:00,80,High,9635.09,1,High,10,AN-003,2024-05-21,Escalated,0,,,55.0,1
145,2948,ACC-1052,2024-05-20 06:00:00,80,High,9689.87,1,High,10,AN-007,2024-05-20,Escalated,0,,,56.0,1
146,4227,ACC-1252,2024-06-10 04:00:00,80,High,9730.91,1,High,10,AN-021,2024-06-10,New,0,,,35.0,1
147,263,ACC-1011,2024-04-05 03:00:00,80,High,9053.58,1,High,10,AN-001,2024-04-05,Closed,0,2024-04-15,Insufficient evidence — monitor,10.0,0
148,647,ACC-1211,2024-04-11 15:00:00,80,High,9576.21,1,High,10,AN-011,2024-04-11,Closed,1,2024-04-20,STR filed with FINTRAC (synthetic),9.0,0
149,2953,ACC-1052,2024-05-20 08:00:00,80,High,9595.27,1,High,10,AN-011,2024-05-20,Closed,1,2024-05-22,STR filed with FINTRAC (synthetic),2.0,0
150,3599,ACC-1128,2024-05-30 19:00:00,80,High,9140.42,1,High,10,AN-001,2024-05-30,Closed,1,2024-06-08,STR filed with FINTRAC (synthetic),9.0,0
151,1423,ACC-1271,2024-04-25 01:00:00,80,High,9788.6,1,High,10,AN-021,2024-04-25,Escalated,0,,,81.0,1
152,1170,ACC-1168,2024-04-20 13:00:00,80,High,9785.06,1,High,10,AN-021,2024-04-20,Closed,1,2024-04-27,STR filed with FINTRAC (synthetic),7.0,0
153,1685,ACC-1037,2024-04-29 07:00:00,80,High,9133.09,1,High,10,AN-007,2024-04-29,Under Review,0,,,77.0,1
154,2965,ACC-1052,2024-05-20 12:00:00,80,High,9466.31,1,High,10,AN-021,2024-05-20,STR Submitted,1,,,56.0,1
155,789,ACC-1133,2024-04-13 20:00:00,80,High,9608.99,1,High,10,AN-011,2024-04-13,Closed,1,2024-04-16,STR filed with FINTRAC (synthetic),3.0,0
156,4252,ACC-1252,2024-06-10 14:00:00,80,High,9469.78,1,High,10,AN-021,2024-06-10,Under Review,0,,,35.0,1
157,1565,ACC-1218,2024-04-27 07:00:00,80,High,9764.15,1,High,10,AN-021,2024-04-27,Under Review,0,,,79.0,1
158,545,ACC-1093,2024-04-09 23:00:00,80,High,9366.85,1,High,10,AN-011,2024-04-09,Closed,1,2024-04-16,STR filed with FINTRAC (synthetic),7.0,0
159,4815,ACC-1283,2024-06-20 10:00:00,80,High,9710.6,1,High,10,AN-003,2024-06-20,Escalated,0,,,25.0,1
160,2381,ACC-1229,2024-05-10 10:00:00,80,High,9890.79,1,High,10,AN-001,2024-05-10,STR Submitted,1,,,66.0,1
161,330,ACC-1238,2024-04-06 06:00:00,80,High,9320.76,1,High,10,AN-011,2024-04-06,New,0,,,100.0,1
162,329,ACC-1238,2024-04-06 06:00:00,80,High,9589.21,1,High,10,AN-003,2024-04-06,Closed,1,2024-04-12,STR filed with FINTRAC (synthetic),6.0,0
163,1228,ACC-1168,2024-04-21 16:00:00,80,High,9720.17,1,High,10,AN-014,2024-04-21,Closed,0,2024-04-25,Insufficient evidence — monitor,4.0,0
164,4424,ACC-1295,2024-06-13 15:00:00,80,High,9433.21,1,High,10,AN-021,2024-06-13,Closed,1,2024-06-19,STR filed with FINTRAC (synthetic),6.0,0
165,3321,ACC-1162,2024-05-26 11:00:00,80,High,9561.81,1,High,10,AN-003,2024-05-26,Closed,1,2024-06-03,STR filed with FINTRAC (synthetic),8.0,0
166,1733,ACC-1037,2024-04-29 22:00:00,80,High,9241.88,1,High,10,AN-011,2024-04-29,STR Submitted,1,,,77.0,1
167,705,ACC-1275,2024-04-12 15:00:00,80,High,9027.83,1,High,10,AN-001,2024-04-12,New,0,,,94.0,1
168,1217,ACC-1168,2024-04-21 11:00:00,80,High,9281.11,1,High,10,AN-003,2024-04-21,New,0,,,85.0,1
169,3319,ACC-1162,2024-05-26 10:00:00,80,High,9558.39,1,High,10,AN-007,2024-05-26,Closed,1,2024-06-03,STR filed with FINTRAC (synthetic),8.0,0
170,1525,ACC-1271,2024-04-26 12:00:00,80,High,9657.12,1,High,10,AN-021,2024-04-26,STR Submitted,1,,,80.0,1
171,2248,ACC-1237,2024-05-08 01:00:00,80,High,9688.56,1,High,10,AN-021,2024-05-08,Closed,1,2024-05-19,STR filed with FINTRAC (synthetic),11.0,1
172,3655,ACC-1000,2024-05-31 12:00:00,80,High,9317.87,1,High,10,AN-011,2024-05-31,Under Review,0,,,45.0,1
173,1775,ACC-1198,2024-04-30 15:00:00,80,High,9212.6,1,High,10,AN-011,2024-04-30,Under Review,0,,,76.0,1
174,3565,ACC-1044,2024-05-30 08:00:00,80,High,9237.55,1,High,10,AN-011,2024-05-30,Closed,1,2024-06-10,STR filed with FINTRAC (synthetic),11.0,1
175,3693,ACC-1000,2024-06-01 00:00:00,80,High,9332.86,1,High,10,AN-001,2024-06-01,STR Submitted,1,,,44.0,1
176,108,ACC-1026,2024-04-02 22:00:00,80,High,9756.71,1,High,10,AN-007,2024-04-02,Under Review,0,,,104.0,1
177,3808,ACC-1193,2024-06-03 05:00:00,80,High,9614.62,1,High,10,AN-021,2024-06-03,Closed,1,2024-06-14,STR filed with FINTRAC (synthetic),11.0,1
178,3680,ACC-1128,2024-05-31 19:00:00,80,High,9144.99,1,High,10,AN-007,2024-05-31,STR Submitted,1,,,45.0,1
179,349,ACC-1238,2024-04-06 15:00:00,80,High,9798.98,1,High,10,AN-003,2024-04-06,STR Submitted,1,,,100.0,1
180,2398,ACC-1229,2024-05-10 17:00:00,80,High,9519.06,1,High,10,AN-003,2024-05-10,Closed,1,2024-05-16,STR filed with FINTRAC (synthetic),6.0,0
181,3805,ACC-1193,2024-06-03 04:00:00,80,High,9580.98,1,High,10,AN-014,2024-06-03,STR Submitted,1,,,42.0,1
182,2139,ACC-1186,2024-05-06 03:00:00,80,High,9881.96,1,High,10,AN-001,2024-05-06,Closed,1,2024-05-08,STR filed with FINTRAC (synthetic),2.0,0
183,600,ACC-1093,2024-04-10 22:00:00,80,High,9513.04,1,High,10,AN-021,2024-04-10,New,0,,,96.0,1
184,2135,ACC-1186,2024-05-06 01:00:00,80,High,9349.13,1,High,10,AN-021,2024-05-06,Closed,1,2024-05-15,STR filed with FINTRAC (synthetic),9.0,0
185,2937,ACC-1052,2024-05-20 00:00:00,80,High,9696.61,1,High,10,AN-011,2024-05-20,Under Review,0,,,56.0,1
186,1535,ACC-1271,2024-04-26 18:00:00,80,High,9684.44,1,High,10,AN-007,2024-04-26,New,0,,,80.0,1
187,4464,ACC-1295,2024-06-14 10:00:00,80,High,9089.64,1,High,10,AN-014,2024-06-14,Under Review,0,,,31.0,1
188,2287,ACC-1229,2024-05-08 23:00:00,80,High,9040.69,1,High,10,AN-011,2024-05-08,STR Submitted,1,,,68.0,1
189,5182,ACC-1253,2024-06-27 07:19:46,78,High,382.19,0,High,10,AN-007,2024-06-27,New,0,,,18.0,1
190,2242,ACC-1266,2024-05-07 23:00:00,78,High,5907.44,1,High,10,AN-003,2024-05-07,Closed,0,2024-05-17,Insufficient evidence — monitor,10.0,0
191,2370,ACC-1002,2024-05-10 05:00:00,78,High,11063.24,1,High,10,AN-007,2024-05-10,Closed,1,2024-05-18,STR filed with FINTRAC (synthetic),8.0,0
192,325,ACC-1228,2024-04-06 04:22:06,78,High,196.07,0,High,10,AN-014,2024-04-06,New,0,,,100.0,1
193,2202,ACC-1053,2024-05-07 03:00:00,78,High,12313.65,1,High,10,AN-001,2024-05-07,Under Review,0,,,69.0,1
194,4380,ACC-1122,2024-06-12 17:35:39,78,High,101.68,0,High,10,AN-001,2024-06-12,Closed,0,2024-06-18,No suspicious activity confirmed (false positive),6.0,0
195,2718,ACC-1168,2024-05-16 13:00:16,78,High,196.83,0,High,10,AN-014,2024-05-16,Escalated,0,,,60.0,1
196,4382,ACC-1146,2024-06-12 19:00:00,78,High,12417.34,1,High,10,AN-007,2024-06-12,Closed,1,2024-06-19,STR filed with FINTRAC (synthetic),7.0,0
197,5152,ACC-1042,2024-06-26 18:31:29,78,High,145.98,0,High,10,AN-014,2024-06-26,Escalated,0,,,19.0,1
198,1059,ACC-1205,2024-04-18 12:00:00,78,High,5375.5,1,High,10,AN-001,2024-04-18,Under Review,0,,,88.0,1
199,3492,ACC-1056,2024-05-29 06:53:32,78,High,338.33,0,High,10,AN-021,2024-05-29,Escalated,0,,,47.0,1
200,2982,ACC-1294,2024-05-20 19:00:00,78,High,7506.81,1,High,10,AN-001,2024-05-20,Under Review,0,,,56.0,1
201,3366,ACC-1261,2024-05-27 03:36:02,78,High,496.14,0,High,10,AN-007,2024-05-27,Closed,1,2024-06-05,STR filed with FINTRAC (synthetic),9.0,0
202,2984,ACC-1086,2024-05-20 20:00:00,78,High,11299.3,1,High,10,AN-021,2024-05-20,Under Review,0,,,56.0,1
203,4902,ACC-1240,2024-06-21 19:45:53,78,High,558.76,0,High,10,AN-001,2024-06-21,Under Review,0,,,24.0,1
204,3498,ACC-1040,2024-05-29 08:05:03,78,High,245.18,0,High,10,AN-011,2024-05-29,Under Review,0,,,47.0,1
205,3116,ACC-1092,2024-05-23 05:07:07,78,High,358.41,0,High,10,AN-014,2024-05-23,New,0,,,53.0,1
206,3248,ACC-1242,2024-05-25 10:00:00,78,High,9618.03,1,High,10,AN-007,2024-05-25,Closed,1,2024-06-01,STR filed with FINTRAC (synthetic),7.0,0
207,433,ACC-1264,2024-04-08 00:00:00,78,High,11130.87,1,High,10,AN-001,2024-04-08,Closed,1,2024-04-13,STR filed with FINTRAC (synthetic),5.0,0
208,945,ACC-1220,2024-04-16 07:00:00,78,High,11554.19,1,High,10,AN-011,2024-04-16,Closed,1,2024-04-20,STR filed with FINTRAC (synthetic),4.0,0
209,2308,ACC-1115,2024-05-09 07:00:00,78,High,3398.0,1,High,10,AN-007,2024-05-09,Closed,1,2024-05-16,STR filed with FINTRAC (synthetic),7.0,0
210,5377,ACC-1104,2024-06-30 15:22:07,78,High,221.23,0,High,10,AN-021,2024-06-30,Closed,0,2024-07-11,No suspicious activity confirmed (false positive),11.0,1
211,2821,ACC-1101,2024-05-18 08:00:00,78,High,8489.69,1,High,10,AN-014,2024-05-18,Closed,1,2024-05-24,STR filed with FINTRAC (synthetic),6.0,0
212,773,ACC-1051,2024-04-13 12:35:39,78,High,64.95,0,High,10,AN-007,2024-04-13,Escalated,0,,,93.0,1
213,2832,ACC-1288,2024-05-18 10:47:46,78,High,10885.85,1,High,10,AN-001,2024-05-18,Escalated,0,,,58.0,1
214,3600,ACC-1128,2024-05-30 19:00:00,78,High,11543.36,1,High,10,AN-011,2024-05-30,Closed,1,2024-06-04,STR filed with FINTRAC (synthetic),5.0,0
215,4358,ACC-1242,2024-06-12 10:01:53,78,High,231.18,0,High,10,AN-003,2024-06-12,New,0,,,33.0,1
216,1160,ACC-1126,2024-04-20 06:00:00,78,High,1957.44,1,High,10,AN-014,2024-04-20,STR Submitted,1,,,86.0,1
217,1042,ACC-1248,2024-04-18 05:00:00,78,High,13522.54,1,High,10,AN-021,2024-04-18,Closed,0,2024-04-21,No suspicious activity confirmed (false positive),3.0,0
218,1938,ACC-1261,2024-05-03 01:22:54,78,High,362.75,0,High,10,AN-007,2024-05-03,New,0,,,73.0,1
219,1174,ACC-1297,2024-04-20 14:35:49,78,High,171.81,0,High,10,AN-021,2024-04-20,Closed,0,2024-04-25,No suspicious activity confirmed (false positive),5.0,0
220,148,ACC-1131,2024-04-03 10:00:00,78,High,10009.11,1,High,10,AN-011,2024-04-03,Closed,1,2024-04-06,STR filed with FINTRAC (synthetic),3.0,0
221,3864,ACC-1225,2024-06-04 04:20:42,78,High,152.96,0,High,10,AN-011,2024-06-04,Under Review,0,,,41.0,1
222,4504,ACC-1092,2024-06-15 00:00:00,78,High,5176.83,1,High,10,AN-014,2024-06-15,STR Submitted,1,,,30.0,1
223,1403,ACC-1221,2024-04-24 18:00:00,78,High,8221.32,1,High,10,AN-014,2024-04-24,Escalated,0,,,82.0,1
224,3065,ACC-1178,2024-05-22 09:00:00,78,High,2393.15,1,High,10,AN-021,2024-05-22,STR Submitted,1,,,54.0,1
225,3023,ACC-1069,2024-05-21 10:56:23,78,High,751.87,0,High,10,AN-021,2024-05-21,Closed,0,2024-05-29,Insufficient evidence — monitor,8.0,0
226,2130,ACC-1293,2024-05-06 00:00:00,78,High,6734.0,1,High,10,AN-001,2024-05-06,Closed,1,2024-05-13,STR filed with FINTRAC (synthetic),7.0,0
227,1098,ACC-1059,2024-04-19 01:35:01,78,High,202.6,0,High,10,AN-007,2024-04-19,New,0,,,87.0,1
228,2120,ACC-1193,2024-05-05 20:12:41,78,High,199.75,0,High,10,AN-021,2024-05-05,Under Review,0,,,71.0,1
229,4577,ACC-1137,2024-06-16 08:00:00,78,High,2217.48,1,High,10,AN-003,2024-06-16,New,0,,,29.0,1
230,3813,ACC-1167,2024-06-03 07:35:28,78,High,274.07,0,High,10,AN-001,2024-06-03,Under Review,0,,,42.0,1
231,4829,ACC-1148,2024-06-20 13:12:43,78,High,176.58,0,High,10,AN-011,2024-06-20,STR Submitted,1,,,25.0,1
232,2913,ACC-1296,2024-05-19 16:01:39,78,High,748.13,0,High,10,AN-014,2024-05-19,Under Review,0,,,57.0,1
233,870,ACC-1031,2024-04-15 04:00:00,78,High,5637.19,1,High,10,AN-014,2024-04-15,Closed,1,2024-04-20,STR filed with FINTRAC (synthetic),5.0,0
234,3687,ACC-1163,2024-05-31 21:00:00,78,High,7916.59,1,High,10,AN-014,2024-05-31,Closed,1,2024-06-08,STR filed with FINTRAC (synthetic),8.0,0
235,89,ACC-1044,2024-04-02 15:00:00,78,High,13208.67,1,High,10,AN-011,2024-04-02,STR Submitted,1,,,104.0,1
236,4948,ACC-1233,2024-06-22 17:08:09,78,High,470.91,0,High,10,AN-001,2024-06-22,Closed,0,2024-06-26,No suspicious activity confirmed (false positive),4.0,0
237,3511,ACC-1006,2024-05-29 11:25:50,78,High,1120.69,0,High,10,AN-021,2024-05-29,Closed,0,2024-06-08,Insufficient evidence — monitor,10.0,0
238,3634,ACC-1094,2024-05-31 03:00:00,78,High,3086.02,1,High,10,AN-007,2024-05-31,Closed,1,2024-06-02,STR filed with FINTRAC (synthetic),2.0,0
239,111,ACC-1261,2024-04-02 22:41:25,78,High,681.81,0,High,10,AN-021,2024-04-02,Closed,0,2024-04-13,Insufficient evidence — monitor,11.0,1
240,4470,ACC-1196,2024-06-14 12:21:17,78,High,458.88,0,High,10,AN-014,2024-06-14,Closed,0,2024-06-19,No suspicious activity confirmed (false positive),5.0,0
241,2611,ACC-1007,2024-05-14 09:00:00,78,High,8436.19,1,High,10,AN-021,2024-05-14,Closed,1,2024-05-16,STR filed with FINTRAC (synthetic),2.0,0
242,1076,ACC-1170,2024-04-18 20:00:00,78,High,13644.44,1,High,10,AN-001,2024-04-18,Under Review,0,,,88.0,1
243,1460,ACC-1020,2024-04-25 12:00:00,78,High,5082.5,1,High,10,AN-021,2024-04-25,Closed,1,2024-05-04,STR filed with FINTRAC (synthetic),9.0,0
244,3251,ACC-1118,2024-05-25 11:16:34,78,High,513.52,0,High,10,AN-011,2024-05-25,Closed,0,2024-05-27,No suspicious activity confirmed (false positive),2.0,0
245,1467,ACC-1122,2024-04-25 14:00:00,78,High,5055.61,1,High,10,AN-007,2024-04-25,Under Review,0,,,81.0,1
246,317,ACC-1176,2024-04-05 23:27:41,78,High,204.4,0,High,10,AN-014,2024-04-05,Under Review,0,,,101.0,1
247,4663,ACC-1131,2024-06-17 15:50:58,78,High,749.26,0,High,10,AN-021,2024-06-17,Under Review,0,,,28.0,1
248,4921,ACC-1105,2024-06-22 06:02:05,78,High,170.11,0,High,10,AN-011,2024-06-22,Under Review,0,,,23.0,1
249,2109,ACC-1012,2024-05-05 18:00:00,78,High,11824.1,1,High,10,AN-001,2024-05-05,New,0,,,71.0,1
250,4542,ACC-1109,2024-06-15 19:00:00,78,High,6799.68,1,High,10,AN-014,2024-06-15,Closed,1,2024-06-20,STR filed with FINTRAC (synthetic),5.0,0
251,3563,ACC-1267,2024-05-30 07:19:27,78,High,355.81,0,High,10,AN-003,2024-05-30,Closed,0,2024-06-01,No suspicious activity confirmed (false positive),2.0,0
252,4328,ACC-1168,2024-06-12 00:00:00,78,High,6684.51,1,High,10,AN-003,2024-06-12,Closed,1,2024-06-17,STR filed with FINTRAC (synthetic),5.0,0
253,3101,ACC-2000,2024-05-23 00:00:00,75,High,12445.9,1,High,10,AN-003,2024-05-23,STR Submitted,1,,,53.0,1
254,4137,ACC-1199,2024-06-08 13:46:09,75,High,46414.33,1,High,10,AN-003,2024-06-08,Closed,1,2024-06-14,STR filed with FINTRAC (synthetic),6.0,0
255,1067,ACC-1170,2024-04-18 16:00:00,75,High,14027.05,1,High,10,AN-021,2024-04-18,Closed,1,2024-04-23,STR filed with FINTRAC (synthetic),5.0,0
256,2100,ACC-1012,2024-05-05 14:00:00,75,High,12751.26,1,High,10,AN-007,2024-05-05,Closed,1,2024-05-08,STR filed with FINTRAC (synthetic),3.0,0
257,4153,ACC-1143,2024-06-08 22:23:37,75,High,16000.0,1,High,10,AN-001,2024-06-08,New,0,,,37.0,1
258,2622,ACC-1262,2024-05-14 11:32:28,75,High,27000.0,1,High,10,AN-003,2024-05-14,Closed,1,2024-05-16,STR filed with FINTRAC (synthetic),2.0,0
259,4672,ACC-1281,2024-06-17 17:26:29,75,High,26319.13,1,High,10,AN-007,2024-06-17,Closed,1,2024-06-28,STR filed with FINTRAC (synthetic),11.0,1
260,3141,ACC-1074,2024-05-23 13:56:04,75,High,24223.27,1,High,10,AN-007,2024-05-23,Closed,1,2024-05-29,STR filed with FINTRAC (synthetic),6.0,0
261,584,ACC-1234,2024-04-10 15:01:17,75,High,39293.53,1,High,10,AN-003,2024-04-10,STR Submitted,1,,,96.0,1
262,3150,ACC-1281,2024-05-23 18:05:14,75,High,16236.3,1,High,10,AN-021,2024-05-23,Closed,1,2024-05-25,STR filed with FINTRAC (synthetic),2.0,0
263,80,ACC-1044,2024-04-02 10:00:00,75,High,13800.72,1,High,10,AN-021,2024-04-02,New,0,,,104.0,1
264,4697,ACC-1026,2024-06-18 08:58:16,75,High,44053.04,1,High,10,AN-011,2024-06-18,Closed,1,2024-06-24,STR filed with FINTRAC (synthetic),6.0,0
265,2652,ACC-2003,2024-05-15 00:00:00,75,High,10499.22,1,High,10,AN-021,2024-05-15,Closed,1,2024-05-23,STR filed with FINTRAC (synthetic),8.0,0
266,5057,ACC-1084,2024-06-24 17:11:37,75,High,25801.14,1,High,10,AN-007,2024-06-24,Closed,1,2024-06-30,STR filed with FINTRAC (synthetic),6.0,0
267,1988,ACC-1068,2024-05-03 18:37:43,75,High,31000.0,1,High,10,AN-001,2024-05-03,Closed,1,2024-05-13,STR filed with FINTRAC (synthetic),10.0,0
268,2008,ACC-1087,2024-05-04 02:00:24,75,High,18382.63,1,High,10,AN-003,2024-05-04,New,0,,,72.0,1
269,5081,ACC-1182,2024-06-25 04:41:09,75,High,26476.69,1,High,10,AN-001,2024-06-25,Closed,0,2024-07-05,No suspicious activity confirmed (false positive),10.0,0
270,2023,ACC-1244,2024-05-04 08:01:32,75,High,42559.59,1,High,10,AN-021,2024-05-04,Closed,0,2024-05-06,Insufficient evidence — monitor,2.0,0
271,2028,ACC-1285,2024-05-04 09:45:44,75,High,23915.9,1,High,10,AN-003,2024-05-04,Under Review,0,,,72.0,1
272,2038,ACC-1098,2024-05-04 12:43:57,75,High,26000.0,1,High,10,AN-007,2024-05-04,Closed,1,2024-05-07,STR filed with FINTRAC (synthetic),3.0,0
273,4432,ACC-1159,2024-06-13 19:19:45,75,High,38920.26,1,High,10,AN-003,2024-06-13,Escalated,0,,,32.0,1
274,3967,ACC-2001,2024-06-06 00:00:00,75,High,13727.88,1,High,10,AN-021,2024-06-06,Closed,1,2024-06-10,STR filed with FINTRAC (synthetic),4.0,0
275,3411,ACC-1293,2024-05-27 21:52:32,75,High,21992.24,1,High,10,AN-001,2024-05-27,Closed,1,2024-06-01,STR filed with FINTRAC (synthetic),5.0,0
276,2920,ACC-1159,2024-05-19 18:47:41,75,High,41000.0,1,High,10,AN-011,2024-05-19,Escalated,0,,,57.0,1
277,1895,ACC-1126,2024-05-02 11:10:26,75,High,29770.79,1,High,10,AN-021,2024-05-02,Escalated,0,,,74.0,1
278,941,ACC-1220,2024-04-16 06:00:00,75,High,12478.03,1,High,10,AN-011,2024-04-16,STR Submitted,1,,,90.0,1
279,4010,ACC-1200,2024-06-06 16:29:08,75,High,17800.61,1,High,10,AN-021,2024-06-06,Closed,0,2024-06-15,Insufficient evidence — monitor,9.0,0
280,2978,ACC-1086,2024-05-20 18:00:00,75,High,12299.92,1,High,10,AN-021,2024-05-20,STR Submitted,1,,,56.0,1
281,420,ACC-1264,2024-04-07 19:00:00,75,High,12051.47,1,High,10,AN-014,2024-04-07,Escalated,0,,,99.0,1
282,3686,ACC-1165,2024-05-31 20:41:33,75,High,35000.0,1,High,10,AN-014,2024-05-31,Closed,1,2024-06-08,STR filed with FINTRAC (synthetic),8.0,0
283,1638,ACC-1148,2024-04-28 10:07:16,75,High,22000.0,1,High,10,AN-011,2024-04-28,STR Submitted,1,,,78.0,1
284,3309,ACC-1129,2024-05-26 06:32:43,75,High,33288.74,1,High,10,AN-011,2024-05-26,Closed,1,2024-05-31,STR filed with FINTRAC (synthetic),5.0,0
285,4834,ACC-1048,2024-06-20 14:57:41,75,High,21634.68,1,High,10,AN-014,2024-06-20,Closed,0,2024-06-29,Insufficient evidence — monitor,9.0,0
286,2274,ACC-1033,2024-05-08 15:49:14,75,High,29796.18,1,High,10,AN-007,2024-05-08,Under Review,0,,,68.0,1
287,4319,ACC-1057,2024-06-11 21:24:22,75,High,14488.09,1,High,10,AN-021,2024-06-11,New,0,,,34.0,1
288,1759,ACC-1036,2024-04-30 07:44:52,75,High,41000.0,1,High,10,AN-021,2024-04-30,Closed,1,2024-05-05,STR filed with FINTRAC (synthetic),5.0,0
289,4819,ACC-1039,2024-06-20 10:25:49,75,High,29247.22,1,High,10,AN-007,2024-06-20,Closed,1,2024-06-27,STR filed with FINTRAC (synthetic),7.0,0
290,2769,ACC-1130,2024-05-17 08:39:18,75,High,22146.16,1,High,10,AN-007,2024-05-17,Closed,1,2024-05-20,STR filed with FINTRAC (synthetic),3.0,0
291,3274,ACC-1258,2024-05-25 17:50:19,75,High,28000.0,1,High,10,AN-014,2024-05-25,Closed,1,2024-06-01,STR filed with FINTRAC (synthetic),7.0,0
292,3273,ACC-1122,2024-05-25 17:39:05,75,High,37000.0,1,High,10,AN-021,2024-05-25,Closed,1,2024-06-05,STR filed with FINTRAC (synthetic),11.0,1
293,1207,ACC-1029,2024-04-21 06:46:17,75,High,15739.15,1,High,10,AN-001,2024-04-21,Escalated,0,,,85.0,1
294,3242,ACC-1242,2024-05-25 09:00:00,75,High,10480.1,1,High,10,AN-001,2024-05-25,Escalated,0,,,51.0,1
295,3235,ACC-1289,2024-05-25 06:45:49,75,High,48657.09,1,High,10,AN-003,2024-05-25,Closed,1,2024-05-30,STR filed with FINTRAC (synthetic),5.0,0
296,1180,ACC-1059,2024-04-20 16:51:12,75,High,23888.93,1,High,10,AN-007,2024-04-20,New,0,,,86.0,1
297,3908,ACC-1160,2024-06-05 01:57:28,75,High,19000.0,1,High,10,AN-001,2024-06-05,Closed,1,2024-06-07,STR filed with FINTRAC (synthetic),2.0,0
298,4925,ACC-1009,2024-06-22 09:14:00,75,High,11679.89,1,High,10,AN-011,2024-06-22,New,0,,,23.0,1
299,2364,ACC-1002,2024-05-10 02:00:00,75,High,11262.36,1,High,10,AN-011,2024-05-10,Closed,0,2024-05-19,No suspicious activity confirmed (false positive),9.0,0
300,4923,ACC-1045,2024-06-22 07:54:44,75,High,19892.5,1,High,10,AN-021,2024-06-22,Closed,1,2024-07-01,STR filed with FINTRAC (synthetic),9.0,0
301,4400,ACC-1011,2024-06-13 02:50:22,75,High,42081.85,1,High,10,AN-014,2024-06-13,Closed,1,2024-06-24,STR filed with FINTRAC (synthetic),11.0,1
302,1840,ACC-1259,2024-05-01 14:21:33,75,High,46875.14,1,High,10,AN-003,2024-05-01,Under Review,0,,,75.0,1
303,4394,ACC-1223,2024-06-12 23:08:38,75,High,45000.0,1,High,10,AN-014,2024-06-12,New,0,,,33.0,1
304,795,ACC-1171,2024-04-13 21:42:15,75,High,38000.0,1,High,10,AN-014,2024-04-13,Closed,1,2024-04-24,STR filed with FINTRAC (synthetic),11.0,1
305,4377,ACC-1146,2024-06-12 17:00:00,75,High,13425.71,1,High,10,AN-014,2024-06-12,Closed,1,2024-06-19,STR filed with FINTRAC (synthetic),7.0,0
306,2838,ACC-1221,2024-05-18 15:12:37,75,High,44846.3,1,High,10,AN-014,2024-05-18,STR Submitted,1,,,58.0,1
307,770,ACC-1162,2024-04-13 11:50:22,75,High,14725.21,1,High,10,AN-003,2024-04-13,Under Review,0,,,93.0,1
308,3483,ACC-1054,2024-05-29 02:24:01,75,High,35852.01,1,High,10,AN-014,2024-05-29,Closed,1,2024-05-31,STR filed with FINTRAC (synthetic),2.0,0
309,4492,ACC-1273,2024-06-14 20:10:17,75,High,48000.0,1,High,10,AN-001,2024-06-14,Escalated,0,,,31.0,1
310,3465,ACC-1259,2024-05-28 18:19:24,75,High,11077.47,1,High,10,AN-011,2024-05-28,Closed,1,2024-06-05,STR filed with FINTRAC (synthetic),8.0,0
311,3464,ACC-1139,2024-05-28 18:13:47,75,High,40745.75,1,High,10,AN-021,2024-05-28,STR Submitted,1,,,48.0,1
312,4487,ACC-1094,2024-06-14 18:26:51,75,High,13463.85,1,High,10,AN-021,2024-06-14,STR Submitted,1,,,31.0,1
313,1410,ACC-1244,2024-04-24 19:25:50,75,High,46670.62,1,High,10,AN-003,2024-04-24,Escalated,0,,,82.0,1
314,4109,ACC-1194,2024-06-08 03:52:22,75,High,22536.17,1,High,10,AN-003,2024-06-08,New,0,,,37.0,1
315,134,ACC-1148,2024-04-03 05:15:44,75,High,49324.6,1,High,10,AN-011,2024-04-03,STR Submitted,1,,,103.0,1
316,136,ACC-1131,2024-04-03 06:00:00,75,High,10242.68,1,High,10,AN-007,2024-04-03,New,0,,,103.0,1
317,1682,ACC-1179,2024-04-29 04:53:11,75,High,16479.47,1,High,10,AN-014,2024-04-29,Under Review,0,,,77.0,1
318,1686,ACC-1256,2024-04-29 07:02:55,75,High,35000.0,1,High,10,AN-003,2024-04-29,Closed,0,2024-05-02,No suspicious activity confirmed (false positive),3.0,0
319,2710,ACC-1266,2024-05-16 10:10:29,75,High,43454.47,1,High,10,AN-003,2024-05-16,Closed,1,2024-05-21,STR filed with FINTRAC (synthetic),5.0,0
320,2200,ACC-1053,2024-05-07 02:00:00,75,High,12667.34,1,High,10,AN-001,2024-05-07,Escalated,0,,,69.0,1
321,540,ACC-1225,2024-04-09 21:29:24,75,High,10915.85,1,High,10,AN-007,2024-04-09,Closed,1,2024-04-20,STR filed with FINTRAC (synthetic),11.0,1
322,4710,ACC-1150,2024-06-18 15:26:32,75,High,31594.93,1,High,10,AN-003,2024-06-18,Closed,1,2024-06-27,STR filed with FINTRAC (synthetic),9.0,0
323,2173,ACC-1280,2024-05-06 17:08:20,75,High,39574.89,1,High,10,AN-003,2024-05-06,STR Submitted,1,,,70.0,1
324,5247,ACC-1035,2024-06-28 07:35:09,75,High,10505.18,1,High,10,AN-021,2024-06-28,Under Review,0,,,17.0,1
325,3079,ACC-1012,2024-05-22 15:58:50,75,High,42565.74,1,High,10,AN-014,2024-05-22,Closed,1,2024-05-28,STR filed with FINTRAC (synthetic),6.0,0
326,1037,ACC-1248,2024-04-18 04:00:00,75,High,14737.6,1,High,10,AN-021,2024-04-18,Closed,1,2024-04-25,STR filed with FINTRAC (synthetic),7.0,0
327,3595,ACC-1128,2024-05-30 17:00:00,75,High,12039.33,1,High,10,AN-011,2024-05-30,Closed,1,2024-06-01,STR filed with FINTRAC (synthetic),2.0,0
328,1495,ACC-1203,2024-04-26 00:00:00,72,High,4542.37,1,High,10,AN-001,2024-04-26,Closed,1,2024-04-29,STR filed with FINTRAC (synthetic),3.0,0
329,3477,ACC-1267,2024-05-29 00:00:00,72,High,5965.44,1,High,10,AN-014,2024-05-29,Closed,1,2024-06-01,STR filed with FINTRAC (synthetic),3.0,0
330,1293,ACC-1074,2024-04-23 00:00:00,72,High,4127.59,1,High,10,AN-011,2024-04-23,STR Submitted,1,,,83.0,1
331,2061,ACC-1293,2024-05-05 00:00:00,72,High,6894.63,1,High,10,AN-021,2024-05-05,Closed,1,2024-05-10,STR filed with FINTRAC (synthetic),5.0,0
332,4505,ACC-1087,2024-06-15 00:00:00,72,High,6049.95,1,High,10,AN-007,2024-06-15,Escalated,0,,,30.0,1
333,4616,ACC-1087,2024-06-17 00:00:00,72,High,6368.19,1,High,10,AN-003,2024-06-17,Closed,1,2024-06-19,STR filed with FINTRAC (synthetic),2.0,0
334,4362,ACC-1087,2024-06-12 10:36:37,72,High,38.7,0,High,10,AN-011,2024-06-12,Closed,0,2024-06-19,Insufficient evidence — monitor,7.0,0
335,4099,ACC-1087,2024-06-08 00:00:00,72,High,6188.12,1,High,10,AN-007,2024-06-08,Closed,1,2024-06-10,STR filed with FINTRAC (synthetic),2.0,0
336,1929,ACC-1203,2024-05-03 00:00:00,72,High,5580.66,1,High,10,AN-011,2024-05-03,Escalated,0,,,73.0,1
337,1800,ACC-1293,2024-05-01 00:00:00,72,High,4082.02,1,High,10,AN-007,2024-05-01,Under Review,0,,,75.0,1
338,3692,ACC-1201,2024-06-01 00:00:00,72,High,4341.75,1,High,10,AN-003,2024-06-01,Closed,1,2024-06-11,STR filed with FINTRAC (synthetic),10.0,0
339,4326,ACC-1201,2024-06-12 00:00:00,72,High,5734.53,1,High,10,AN-001,2024-06-12,Under Review,0,,,33.0,1
340,2534,ACC-1293,2024-05-13 00:00:00,72,High,5426.92,1,High,10,AN-021,2024-05-13,New,0,,,63.0,1
341,2533,ACC-1074,2024-05-13 00:00:00,72,High,6330.58,1,High,10,AN-014,2024-05-13,STR Submitted,1,,,63.0,1
342,3423,ACC-1267,2024-05-28 00:00:00,72,High,5602.52,1,High,10,AN-007,2024-05-28,Closed,1,2024-05-30,STR filed with FINTRAC (synthetic),2.0,0
343,4855,ACC-1092,2024-06-21 00:00:00,72,High,6428.96,1,High,10,AN-003,2024-06-21,Escalated,0,,,24.0,1
344,5106,ACC-1293,2024-06-25 18:59:51,72,High,158.66,0,High,10,AN-011,2024-06-25,Closed,0,2024-06-27,No suspicious activity confirmed (false positive),2.0,0
345,3696,ACC-1201,2024-06-01 00:00:00,72,High,5162.21,1,High,10,AN-007,2024-06-01,STR Submitted,1,,,44.0,1
346,1497,ACC-1074,2024-04-26 00:00:00,72,High,4027.37,1,High,10,AN-011,2024-04-26,STR Submitted,1,,,80.0,1
347,3292,ACC-1267,2024-05-26 00:00:00,72,High,6724.26,1,High,10,AN-001,2024-05-26,Escalated,0,,,50.0,1
348,1496,ACC-1293,2024-04-26 00:00:00,72,High,6507.19,1,High,10,AN-003,2024-04-26,Closed,1,2024-05-02,STR filed with FINTRAC (synthetic),6.0,0
349,5116,ACC-1092,2024-06-26 00:00:00,72,High,6979.65,1,High,10,AN-014,2024-06-26,Closed,1,2024-06-28,STR filed with FINTRAC (synthetic),2.0,0
350,3747,ACC-1087,2024-06-02 00:00:00,72,High,6942.67,1,High,10,AN-001,2024-06-02,Closed,1,2024-06-05,STR filed with FINTRAC (synthetic),3.0,0
351,5167,ACC-1092,2024-06-27 00:00:00,72,High,4160.17,1,High,10,AN-014,2024-06-27,STR Submitted,1,,,18.0,1
352,2864,ACC-1267,2024-05-19 00:00:00,72,High,6884.4,1,High,10,AN-007,2024-05-19,New,0,,,57.0,1
353,2994,ACC-1267,2024-05-21 00:00:00,72,High,5654.68,1,High,10,AN-001,2024-05-21,STR Submitted,1,,,55.0,1
354,4157,ACC-1087,2024-06-09 00:00:00,72,High,6588.94,1,High,10,AN-014,2024-06-09,STR Submitted,1,,,36.0,1
355,3903,ACC-1201,2024-06-05 00:00:00,72,High,6198.64,1,High,10,AN-014,2024-06-05,Closed,1,2024-06-13,STR filed with FINTRAC (synthetic),8.0,0
356,1347,ACC-1074,2024-04-24 00:00:00,72,High,4830.16,1,High,10,AN-014,2024-04-24,Under Review,0,,,82.0,1
357,1867,ACC-1203,2024-05-02 00:00:00,72,High,5508.8,1,High,10,AN-021,2024-05-02,STR Submitted,1,,,74.0,1
358,2002,ACC-1074,2024-05-04 00:00:00,72,High,6380.19,1,High,10,AN-014,2024-05-04,Escalated,0,,,72.0,1
359,2003,ACC-1203,2024-05-04 00:00:00,72,High,6564.47,1,High,10,AN-021,2024-05-04,Closed,1,2024-05-11,STR filed with FINTRAC (synthetic),7.0,0
360,3968,ACC-1087,2024-06-06 00:00:00,72,High,4689.13,1,High,10,AN-001,2024-06-06,STR Submitted,1,,,39.0,1
361,3970,ACC-1201,2024-06-06 00:00:00,72,High,4799.13,1,High,10,AN-021,2024-06-06,STR Submitted,1,,,39.0,1
362,4098,ACC-1092,2024-06-08 00:00:00,72,High,5813.11,1,High,10,AN-021,2024-06-08,Closed,1,2024-06-15,STR filed with FINTRAC (synthetic),7.0,0
